id_pregunta,pregunta,tamano_correo,id_correo_esperado,ids_recuperados_top5,distancias_top5,distancia_media_top5,correo_recuperado_en_k5,num_chunks_del_correo_en_top5,posicion_real_correo_esperado,distancia_real_correo_esperado,acierto_claude,acierto_gemini,respuesta_esperada,respuesta_generada,resultado_evaluacion
0,"Who is the contact person listed in the contact list forwarded to Mari on December 21, 2001?",corto,1989,1054;1989;479;1623_chunk6;1,0.4330;0.4567;0.5081;0.5101;0.5184,0.48525491952896116,True,1,1.0,0.45668351650238037,1,1,"The contact person listed is Christina Valdez, Assistant to Sally Beck.","The contact person listed in the list forwarded to Mari on December 21, 2001, is Christina Valdez, who is your assistant.",ambos_aciertan
1,"What is the monthly burn rate for the six Valtech contractors working for CL as reported by Tom Gros on November 12, 2001?",corto,1793,1793;1800;1802;789;1897_chunk1,0.1635;0.3482;0.5098;0.5160;0.5350,0.4145063281059265,True,1,0.0,0.16352921724319458,1,1,"The monthly burn rate is about $110,000.","The monthly burn rate for the six Valtech contractors working for CL is approximately $110,000, as reported by Tom Gros on November 12, 2001.",ambos_aciertan
2,Who should be coordinated to perform the task and who needs to provide updates regarding Fernley's access?,corto,642,642;638;1950_chunk2;1393_chunk0;121_chunk0,0.5048;0.5073;0.5189;0.5237;0.5319,0.5172943711280823,True,1,0.0,0.5048165321350098,1,1,"Scott Tholen's team should be coordinated to perform the task, and I need to be kept updated on when Fernley will have access.","To address your request regarding Fernley Dyson's access, you should coordinate Scott Tholen's team to handle the task. 

Regarding the updates on when Fernley will have access, you have asked to be kept informed directly. Additionally, you have requested that anyone who would like Fernley to have access to the Enron-wide DPR notify you via email or voicemail (x35926) to ensure a tight distribution list.",ambos_aciertan
3,"What is my scheduled time and planned departure for the event mentioned on October 28, 2001?",corto,1668,380;1533;933;1201;1209,0.3302;0.3491;0.3777;0.3997;0.4030,0.3719545006752014,False,0,,,0,0,The event is at 3:40 pm and I will try to leave by 4:00 pm.,"Based on the emails provided, there is no information regarding an event scheduled for October 28, 2001, nor any planned departure for that date. The only specific event details in your records refer to a meeting rescheduled to October 5, 2001.",ambos_fallan
4,"Why did I reject the approval request for the manager listed in the email dated August 22, 2000?",corto,377,439;377;1675;1679;1673,0.3998;0.4248;0.4409;0.4614;0.4653,0.43842008113861086,True,1,1.0,0.4247822165489197,1,1,I rejected it because the manager listed does not work in Energy Operations and the request should be sent to someone else for approval.,"You rejected that approval request because the manager listed did not work in Energy Operations, so it needed to be sent to someone else for approval.",ambos_aciertan
5,When is Beth Apollo starting her new role in Houston and what is the purpose of my inquiry regarding her placement?,corto,903,903;462_chunk0;1045;1140;1125,0.3875;0.4070;0.4112;0.4172;0.4227,0.4091184616088867,True,1,0.0,0.3875201344490051,1,1,"Beth Apollo is starting on January 29th, and I am looking for a workspace or 'room at the inn' for her to work with me.","Beth Apollo is starting her new role in Houston on January 29th. Regarding your inquiry about her placement, you were looking for a spot for her to work with you.",ambos_aciertan
6,"When will the change to the DPR occur, according to Shona Wilson's correction?",corto,584,584;1994;801;805_chunk2;1864_chunk0,0.2321;0.4637;0.5442;0.5445;0.5479,0.4664963722229004,True,1,0.0,0.23213350772857666,1,1,"The change to the DPR will occur on the 14th, not on the 13th as previously communicated.","According to Shona Wilson's correction, the change to the DPR will occur on the 14th, rather than the 13th as previously communicated.",ambos_aciertan
7,"Who is responsible for assigning the ENA representative according to the information Patti Thompson sent me on April 17, 2000?",corto,161,161;1879;200;652;28_chunk1,0.2245;0.3881;0.3972;0.4043;0.4076,0.3643143653869629,True,1,0.0,0.22447288036346436,1,1,Wes Colwell is the person who will be assigning the ENA representative.,"According to the email Patti Thompson sent you on April 17, 2000, Wes Colwell is responsible for assigning the ENA representative.",ambos_aciertan
8,"What issue did I encounter when I attempted to approve the request that Sheri had already verbally approved on April 25, 2000?",corto,173,173;1675;332;152;412,0.3115;0.4462;0.4463;0.4678;0.4685,0.4280704975128174,True,1,0.0,0.3114887475967407,1,1,I received a message stating that the request had already been approved by another access approver.,"When you attempted to approve that request on April 25, 2000, you encountered an issue where the system displayed a message stating that the request had already been approved by another access approver.",ambos_aciertan
9,What is the purpose of the information I asked Patti Thompson to forward to Fernley regarding my work with Arthur Andersen?,corto,204,204;1915_chunk27;1915_chunk29;1878_chunk32;1915_chunk28,0.4698;0.5089;0.5185;0.5439;0.5529,0.5188153028488159,True,1,0.0,0.4698054790496826,1,1,"The information outlines what I am doing with Arthur Andersen to prepare for SAP, specifically regarding Global Products.","The purpose of the information you asked Patti Thompson to forward to Fernley is to outline what you are doing with Arthur Andersen to prepare for SAP, specifically regarding Global Products.",ambos_aciertan
10,"What did I offer to do on the night of Wednesday, October 25?",corto,504,857;466_chunk0;1268;1925_chunk3;1516,0.5054;0.5099;0.5109;0.5162;0.5181,0.5120842456817627,False,0,,,0,0,I offered to go to Austin for dinner with students.,"Based on the emails provided, there is no mention of any plans or offers made for the night of Wednesday, October 25.",ambos_fallan
11,Which rental car company should I use for my trip to Oklahoma?,corto,1231,1227;1231;2207_chunk0;1020_chunk1;2140_chunk1,0.3938;0.4029;0.6358;0.6492;0.6655,0.5494399666786194,True,1,1.0,0.40290844440460205,1,1,National is the rental car company to use in Oklahoma.,You should use National for your rental car in Oklahoma.,ambos_aciertan
12,Why am I unable to attend the game scheduled between April 25 and April 27?,corto,1265,973;1259;810;977_chunk0;1511,0.4994;0.5021;0.5053;0.5113;0.5261,0.5088611006736755,False,0,36.0,0.5862928628921509,1,0,I am unable to attend the game because I will be out of town from April 25 through April 27.,"Based on your emails, you are unable to attend because you will be out of the office on that day. You have already asked Bob Superty, Kim Theriot, and Mechelle Stevens to attend in your place, though you are still waiting for confirmation on their availability.",discrepancia
13,Why did I say I could not approve the access request involving Bob Schorr's team?,corto,455,173;455;442;152;460,0.3833;0.4133;0.4572;0.4605;0.4657,0.435995352268219,True,1,1.0,0.4132511615753174,1,1,"Because that employee and his supervisor, Bob Schorr, do not report to me.","You stated that you could not approve those requests because the employee in question and their manager, Bob Schorr, do not report to you. Therefore, you determined that the approval should be handled by someone else.",ambos_aciertan
14,What arrangement did I confirm for October 20th regarding the guest room?,corto,414,414;787;380;1500_chunk2;589_chunk2,0.3551;0.4694;0.4927;0.4937;0.4955,0.4612764477729797,True,1,0.0,0.35505247116088867,1,1,I confirmed that we will reserve the guest room for the guest.,You confirmed that October 20th sounds great and that you will reserve the guest room for the person you were corresponding with.,ambos_aciertan
15,What did Shona Wilson ask me regarding the gas books on the list?,corto,2130,2130;585;2069_chunk2;1622_chunk2;694,0.3543;0.5391;0.5636;0.5639;0.5724,0.5186508297920227,True,1,0.0,0.35430681705474854,1,1,Shona asked me to provide the status of the gas books on the list.,Shona Wilson asked you to let her know the status of the gas books included on the list.,ambos_aciertan
16,What are the specific instructions I gave for the document to be sent to Eugene Vaughan at Treemont house?,corto,1731,1731;975_chunk0;303;40;1756,0.3686;0.5209;0.5408;0.5510;0.5540,0.5070753812789917,True,1,0.0,0.3686332702636719,1,1,I requested that the document be printed on letterhead and faxed to Eugene Vaughan at Treemont house.,The specific instructions you gave for the document to be sent to Eugene Vaughan at Treemont house are to print it on letterhead and fax it to him.,ambos_aciertan
17,"Will I be attending the staff meeting on January 16, 2001?",corto,873,1568;1734;1209;1201;438_chunk1,0.3060;0.3353;0.3630;0.3667;0.3810,0.3504016637802124,False,0,,,0,0,"No, I will not be attending because I will be working in the London office during the week of January 15.","Based on the information available in your emails, there is no record of you attending a staff meeting on January 16, 2001. The provided records regarding staff meetings only cover dates through December 29, 2000.",ambos_fallan
18,"What is my availability for the remainder of the week of July 24, 2000?",corto,320,221;1471;1266;497;1039,0.4046;0.4426;0.4752;0.4813;0.4825,0.4572542428970337,False,0,,,0,0,I will be out of the office from Wednesday to Friday and will be unable to attend meetings.,"Based on the emails provided, there is no information regarding your availability for the week of July 24, 2000.",ambos_fallan
19,What did I request regarding my hotel room reservation?,corto,655,2074_chunk1;655;2074_chunk2;787;492,0.4662;0.5215;0.5330;0.5629;0.5657,0.5298827528953552,True,1,1.0,0.5215373039245605,1,1,I requested that my hotel reservation be for a non-smoking room.,"Regarding your hotel room reservation, you requested that I ensure it is for a non-smoking room.",ambos_aciertan
20,"Is Wednesday, May 31, a suitable date for me to have lunch with Ted?",corto,205,205;220;1168;1173;859_chunk2,0.3287;0.4238;0.4346;0.4418;0.4598,0.4177100658416748,True,1,0.0,0.3286818265914917,0,0,"Yes, I confirmed that Wednesday, May 31, is a good date for lunch and I look forward to seeing him.","No, Wednesday, May 31, is no longer a suitable date for your lunch with Ted. Although it was originally scheduled for that day, an all-day meeting has been set for that date. Patti has suggested rescheduling to Thursday, June 1, as you are available then.",ambos_fallan
21,Who should I contact to obtain the list of attendees for the ride-sharing arrangement to Neiman's?,corto,1169,1169;1174;755;1093;1086,0.2318;0.2353;0.4834;0.4919;0.4928,0.38707015514373777,True,1,0.0,0.23179632425308228,1,1,I should get the list from Vanessa.,You should contact Vanessa to obtain the list of attendees for the ride-sharing arrangement to Neiman's.,ambos_aciertan
22,"Who was I supposed to meet with, according to Beth Apollo's inquiry on June 6, 2001?",corto,1469,1140;1125;903;1674;2191,0.3744;0.3831;0.4094;0.4117;0.4534,0.406417179107666,False,0,5.0,0.46257275342941284,0,0,I was supposed to meet with Brenda.,"Based on the emails provided, there is no information regarding an inquiry from Beth Apollo on June 6, 2001, nor any mention of who you were supposed to meet with on that specific date.",ambos_fallan
23,What names still need to be checked according to Marla Barnard's summary?,corto,1965,1965;911;817_chunk3;453_chunk1;1957,0.4853;0.5879;0.6060;0.6181;0.6209,0.5836325645446777,True,1,0.0,0.48527705669403076,1,1,A few names still need to be checked with Bob Hall and Jenny.,"According to Marla Barnard's email, she did not specify the exact names; she only mentioned that there are still a few names that need to be checked with Bob Hall and Jenny.",ambos_aciertan
24,On what date did Stephen join Enron?,corto,190,190;1239;1113;1251;899,0.2852;0.3980;0.3992;0.3995;0.3998,0.37635141611099243,True,1,0.0,0.2851901650428772,1,1,"Stephen joined Enron on January 29, 1996.","Stephen joined Enron on January 29, 1996.",ambos_aciertan
25,"What is the name of the program for which Frank De provided information on November 6, 2001?",corto,1751,1885;1799;1756;1388;1218,0.5165;0.5344;0.5583;0.5882;0.5882,0.5571197271347046,False,0,,,0,0,The program is the Programmer Plus Program.,"Based on the emails provided, there is no information regarding a program that Frank De provided information for on November 6, 2001. The only email from Frank De in the provided records is a test message sent on November 20, 2001.",ambos_fallan
26,"Which specific meeting date did I request to be added to my calendar on April 9, 2001?",corto,1179,933;1110;1514;1005;981,0.3433;0.3708;0.3791;0.3812;0.3833,0.37153512239456177,False,0,9.0,0.4030769467353821,0,0,I requested to add the meeting on the 17th to my calendar.,"Based on the emails provided, there is no mention of a request made on April 9, 2001. The emails in your records do not contain any information regarding a request for that specific date.",ambos_fallan
27,"What specific business matter was resolved by the details regarding the Hess sharing arrangement discussed on January 31, 2001?",corto,948,948;629;1922_chunk22;1945_chunk14;1878_chunk42,0.1998;0.3426;0.4917;0.5444;0.5571,0.4271287202835083,True,1,0.0,0.19979816675186157,1,1,The details provided in the email finalized the Hess sharing arrangement that I discussed with the recipient the previous day.,"The details provided in the email from February 1, 2001, confirm that the ""sharing arrangement"" with Hess, which you had discussed the previous day, has been taken care of. The provided documents do not specify the exact nature of the business matter or the issue involved in that arrangement.",ambos_aciertan
28,"Who did I have lunch with on December 6, 2000, and what suggestion did I make regarding their attendance at meetings?",corto,720,1168;1173;967_chunk0;1617_chunk1;720,0.3915;0.3928;0.4126;0.4235;0.4271,0.4095103025436401,True,1,4.0,0.4271053075790405,1,1,I had lunch with Barry and suggested that they might benefit from attending the meetings I mentioned.,"You had lunch with Barry on December 6, 2000. During that lunch, you suggested that they might benefit from attending these meetings.",ambos_aciertan
29,"Why will I be unable to attend a meeting on Monday, February 12, 2001?",corto,986,973;967_chunk0;1511;986;1702,0.4002;0.4266;0.4471;0.4578;0.4741,0.4411670684814453,True,1,3.0,0.45778554677963257,1,1,I will be unable to attend because I will be at a meeting in Dallas on that day.,"You will be unable to attend the meeting on Monday, February 12, 2001, because you will be at a meeting in Dallas that day.",ambos_aciertan
30,What information do I need from the recipient regarding their upcoming week off?,corto,259,0;2217;819_chunk2;1060;1287,0.4860;0.4869;0.4953;0.4961;0.5021,0.49329227209091187,False,0,,,1,1,I need them to let us know who their designated person in charge will be during that week.,"Based on your email from December 13, 1999, you need the following information from the recipients regarding their upcoming time off (from December 20 through the end of the year):

*   A final list of the specific dates they plan to be out of the office.
*   The name and phone number of the key contact person in their group who will be in the office during their absence.

You requested that they provide this information to Gretel by Wednesday at noon so that you can finalize the contact list before your own vacation.",ambos_aciertan
31,What is the purpose of the meeting regarding the EBS Trading Support staff?,corto,1467,1467;1752;2124;793_chunk0;177,0.4004;0.4057;0.4314;0.4510;0.4557,0.42882336378097535,True,1,0.0,0.40040063858032227,1,1,The meeting is to run through the EBS Trading Support staff for cross calibration.,The purpose of the meeting regarding the EBS Trading Support staff is to conduct a cross-calibration.,ambos_aciertan
32,"What documents did Jeff Smith send on November 10, 2000?",corto,570,1978;465;697;1657;1922_chunk22,0.5653;0.5815;0.5884;0.5894;0.5917,0.583255934715271,False,0,,,0,0,Jeff Smith sent the EGM Management Summary and Hot List as of 11/09.,"Based on the emails provided, there is no information regarding any documents sent by Jeff Smith on November 10, 2000.",ambos_fallan
33,Why did I ask to print the Wellesley schedule?,corto,970,970;446;587;388;444,0.2627;0.4550;0.4563;0.5034;0.5549,0.4464709997177124,True,1,0.0,0.26270294189453125,1,1,I asked to print the schedule because I believe I have a scheduling conflict with the date they need me.,"You asked to print the Wellesley schedule because you believe you have a conflict with the date they need you, and you wanted to discuss it.",ambos_aciertan
34,What is the phone number provided by Shona Wilson for any questions?,corto,608,608;788;686;585;702,0.4270;0.4472;0.4498;0.4825;0.4926,0.4598255157470703,True,1,0.0,0.42699795961380005,1,1,The phone number provided by Shona Wilson is 713 853 9123.,The phone number provided by Shona Wilson for any questions is 713 853 9123.,ambos_aciertan
35,Who is responsible for delivering my ticket before Thursday?,corto,170,1952_chunk0;380;2217;137_chunk2;526,0.5191;0.5304;0.5585;0.5656;0.5738,0.5494593024253845,False,0,,,0,0,Patti is responsible for getting the ticket to me before Thursday.,"Based on the emails provided, there is no information regarding who is responsible for delivering a ticket to you before Thursday. The emails mention the distribution of tickets for an exhibition game and upcoming games, but they do not specify a delivery person or a deadline of Thursday for your tickets.",ambos_fallan
36,Who is sending the Enron bucks according to Bob's email?,corto,1537,1537;763;1704;455;899,0.2736;0.3532;0.3951;0.3952;0.3961,0.3626531481742859,True,1,0.0,0.27364516258239746,1,1,Heather is sending the Enron bucks.,"According to Bob's email, Heather is the one sending the Enron bucks.",ambos_aciertan
37,What will be done with the numbers provided for offices and spots in the Tower?,corto,1217,1215;1217;2227;6;1538_chunk1,0.3299;0.3309;0.4864;0.5286;0.5389,0.4429515600204468,True,1,1.0,0.3309016227722168,1,1,We will incorporate those numbers for offices and spots in the Tower.,You will incorporate those numbers for offices and spots in the Tower.,ambos_aciertan
38,What is my opinion regarding the impact of the new field on baseball in Houston?,corto,145,145;1183_chunk0;1192_chunk0;1183_chunk1;1192_chunk1,0.4190;0.4900;0.4905;0.5858;0.5858,0.5142065763473511,True,1,0.0,0.4189530611038208,1,1,I believe the field will make baseball much more fun in Houston.,"You believe that the new field will make baseball much more fun in Houston. Additionally, you have expressed hope that the ""new ballpark jinx"" is now history.",ambos_aciertan
39,"What is the purpose of the information request I sent on January 6, 2000?",corto,34,645;1273_chunk0;1299;988;1026,0.4334;0.4686;0.5045;0.5129;0.5147,0.48682460784912107,False,0,24.0,0.5561187267303467,0,0,It is a preview of information requested before the targeted 4:30 PM meeting in my office that day.,"Based on the emails provided, there is no information regarding a request sent by you on January 6, 2000. The available records do not contain details about the purpose of such a request.",ambos_fallan
40,When will I be out of the office in November 2000?,corto,631,996;1906_chunk18;1017;322_chunk0;630,0.4124;0.4360;0.4482;0.4802;0.4808,0.4515131711959839,False,0,10.0,0.5044083595275879,0,0,"I will be out of the office on Tuesday, November 21, 2000.","Based on the emails provided, there is no information regarding you being out of the office in November 2000. The only mention of November is a brief note stating ""on nov."", but it does not specify any dates or absences.",ambos_fallan
41,"What information did I request regarding Angelic on May 19, 2000?",corto,217,217;1729;207;1462;1073,0.3394;0.5458;0.5668;0.5886;0.5936,0.5268448114395141,True,1,0.0,0.3393685817718506,1,1,I requested to know who Angelic will report to and what her job responsibilities will be.,"On May 19, 2000, you requested to know who Angelic will report to and what she will be doing.",ambos_aciertan
42,What action did I take after being informed about Blake?,corto,692,1639;1678;313_chunk2;1350;1707,0.6443;0.6804;0.6805;0.6874;0.6917,0.6768595099449157,False,0,,,0,0,I tried to reach him and left a congratulatory message on his answering machine.,No information available in the provided emails.,ambos_fallan
43,"Is there a staff meeting scheduled for Monday, December 20, 1999?",corto,1,1568;1;1483;438_chunk1;2201,0.3099;0.3240;0.3486;0.3524;0.3525,0.3374819278717041,True,1,1.0,0.324027955532074,1,1,"No, there is no staff meeting on that day.","No, Sally, there is no staff meeting scheduled for Monday, December 20, 1999.",ambos_aciertan
44,For which employee did I submit a completed profile for promotion to Vice President?,corto,29,29;876;875;886;649,0.3463;0.3720;0.3938;0.4219;0.4768,0.40216476917266847,True,1,0.0,0.34626030921936035,1,1,I submitted the profile for Brent Price.,You submitted a completed employee profile for Brent Price for consideration for promotion to Vice President.,ambos_aciertan
45,Where and to whom did I ask to fax the letterhead document?,corto,1730,1731;1730;1626_chunk1;1057;207,0.3907;0.4908;0.5546;0.5863;0.5966,0.5237848639488221,True,1,1.0,0.49075669050216675,0,1,I asked to fax it to Marilou at The Tremont House.,"You asked to fax the letterhead documents to The Tremont House. Specifically, you requested that one be sent to Eugene Vaughan and another to Marilou.",discrepancia
46,On what date is the event I have scheduled on my calendar for September?,corto,221,1389;221;1368;1471;1533,0.4116;0.4542;0.4859;0.4877;0.5081,0.4694912791252136,True,1,1.0,0.4541592597961426,1,1,The event is scheduled for September 7.,The event you have scheduled on your calendar for September is on September 7.,ambos_aciertan
47,"How many ASE's have I attended, and who will I ask to schedule a meeting?",corto,540,540;1259;1702;471;85,0.2770;0.4217;0.4364;0.4684;0.4781,0.41630502939224245,True,1,0.0,0.27697932720184326,1,1,"I have attended three ASE's, and I will ask Patti to schedule a meeting.","You have attended three ASE's. Regarding the meeting, you mentioned that you would ask Patti to schedule it for you.",ambos_aciertan
48,"Which university names can be ignored in the list I provided on January 10, 2000?",corto,38,38;1552_chunk1;833;452_chunk4;1605_chunk4,0.5494;0.5796;0.5872;0.5930;0.5978,0.5814030170440674,True,1,0.0,0.5493878722190857,1,1,The OU names can be ignored.,"In the email from January 10, 2000, you mentioned that you can ignore the OU names.",ambos_aciertan
49,"What specific data should be included in the report requested by Shona Wilson on January 9, 2002?",corto,2081,585;1567;1484;2081;1462,0.3718;0.4931;0.5111;0.5155;0.5302,0.4843257188796997,True,1,3.0,0.5154519081115723,1,1,The report should include interco balances as they are included in pma and p&l.,"In the report requested by Shona Wilson on January 9, 2002, you should include interco balances, as they are included in pma and p&l.",ambos_aciertan
50,"Where and at what time will the daily merger update meetings be held starting November 13, 2001?",intermedio,1817,1533;1201;1209;1464;2170,0.3846;0.3963;0.3963;0.4107;0.4143,0.4004485964775085,False,0,13.0,0.44658029079437256,0,0,The daily merger update meetings will be held at 5:00 pm in conference room ECS 04075.,"I have reviewed the emails provided, and unfortunately, there is no information regarding daily merger update meetings starting on November 13, 2001. The available correspondence only contains details about other specific meetings scheduled in October 2001, April 2001, June 2001, and January 2002.",ambos_fallan
51,"For which employees did I complete internal feedback forms in the PEP system as of December 29, 2000?",intermedio,823,823;1318_chunk0;308_chunk1;305_chunk0;675,0.3334;0.3748;0.4577;0.4715;0.4988,0.4272398591041565,True,1,0.0,0.3334439992904663,1,1,"I completed feedback forms for Brent Price, Bob Hall, and Peggy Hedstrom.","As of December 29, 2000, you completed internal feedback forms in the PEP system for Brent Price, Bob Hall, and Peggy Hedstrom.",ambos_aciertan
52,"Who needs to sign the headcount addition forms for the new positions, and what should they understand before signing?",intermedio,915,915;2126_chunk1;208;1814;604,0.3473;0.5758;0.6208;0.6326;0.6362,0.5625440001487731,True,1,0.0,0.34731394052505493,1,1,"Fred and Scott Neal need to sign the forms, and they must understand the additional costs associated with these headcount requests.","Fred and Scott Neal need to sign the headcount addition forms. Before signing, they need to understand the additional costs associated with these requests, as you noted they might forget about these costs later in the year if they aren't making much money.",ambos_aciertan
53,"What are the date, time, and dress code requirements for the special tour of the Enron Center scheduled for me?",intermedio,1475,1475;1209;1201;384;1058,0.3854;0.3904;0.3910;0.4333;0.4410,0.4082084059715271,True,1,0.0,0.3853945732116699,1,1,"The tour is on Thursday, June 14, 2001, from 10:00 AM to 11:00 AM, and the dress code requires hard-surface shoes, as no sandals are allowed.","The special tour of the Enron Center is scheduled for Thursday, June 14, 2001, from 10:00 AM to 11:00 AM. 

Regarding the dress code, please note that hardhats and safety glasses will be provided, but you must wear hard-surface shoes; sandals are not allowed.",ambos_aciertan
54,"When is Brent's assignment in London scheduled to start, and when do Fernley and I plan to send out the draft memo regarding his role?",intermedio,139,139;141;121_chunk0;515;1348,0.2369;0.3828;0.3903;0.4120;0.4520,0.3748122572898865,True,1,0.0,0.2368987798690796,1,1,"Brent's assignment starts on April 10, and we plan to send the memo sometime the week prior.","Brent's assignment in London is scheduled to start on April 10. Regarding the draft memo about his role, you and Fernley planned to send it out sometime during the week of April 3, prior to the start of his assignment.",ambos_aciertan
55,"Who provided ideas for improving employee morale following my request at the lunch meeting on October 23, 2001?",intermedio,1641,1617_chunk1;1641;1733;974;1460,0.2944;0.3119;0.4247;0.4393;0.4419,0.3824150085449219,True,1,1.0,0.31186044216156006,1,1,Bob Superty provided thoughtful ideas for improving employee morale.,Bob Superty provided ideas for improving employee morale following your request at the lunch meeting.,ambos_aciertan
56,Who is the designated point person that Wanda must keep fully informed and involved regarding the matter I am handling?,intermedio,1510,1510;1580_chunk2;1522_chunk3;1366;1569_chunk2,0.2709;0.4813;0.5335;0.5466;0.5709,0.4806240081787109,True,1,0.0,0.2708659768104553,1,1,Ken is the point person who must be fully informed and involved.,The designated point person that Wanda must keep fully informed and involved regarding the matter you are handling is Ken.,ambos_aciertan
57,What is the name and phone number of the contact person I worked with to arrange the tour of Enron Field?,intermedio,194,486;1781_chunk0;520_chunk2;518_chunk2;813,0.2817;0.3258;0.3280;0.3364;0.3471,0.32379266023635866,False,0,,,0,0,The contact person is Jill McCormick and her phone number is 713-259-8965.,"Based on the emails provided, there is no mention of the name or phone number of the specific person you worked with to arrange the tour of Enron Field. The emails only confirm that you were planning to attend the tour and dinner at Ruggles Center Field Terrace on a Monday evening.",ambos_fallan
58,"How many invitations in total do I need to send out for the event involving my family, including Mom and Dad?",intermedio,1234,1240;1234;1114;1106;261,0.3522;0.3540;0.5021;0.5022;0.5550,0.4530946612358093,True,1,1.0,0.3539884686470032,1,1,I need to send out ten invitations in total.,"You need to send out a total of ten invitations for the dinner, including those for your mom and dad.",ambos_aciertan
59,When am I planning to be in touch regarding the details for the dinner with Dean May and the Enron scholarship winners?,intermedio,1528,1137;1122;1554_chunk0;1077;1080,0.2449;0.2457;0.2630;0.2685;0.2696,0.25837825536727904,False,0,8.0,0.3112156391143799,0,0,I plan to be in touch in the next few days to discuss the details for the dinner later in October.,"You have already sent a note to Dean May reconfirming the dinner and the time (7:00 cocktails and 7:30 dinner) for Tuesday, October 16. Regarding any changes or additions to the list of UT attendees, you are currently awaiting a response from Dean May.",ambos_fallan
60,"Who will be covering for Lisa Costello and Mark Pickering while Lisa is on maternity leave starting November 19, 2001?",intermedio,1845,1845;1920;1052;86;1228_chunk1,0.2691;0.4241;0.4801;0.4884;0.5143,0.43519604206085205,True,1,0.0,0.2690821886062622,1,1,Katherine Chisley will be covering for both Lisa Costello and Mark Pickering.,Katherine Chisley will be covering for both Lisa Costello and Mark Pickering during Lisa's maternity leave. You can contact her at extension x58463 for assistance with Mark's calendar.,ambos_aciertan
61,What is the rescheduled date and time for the EA Staff Meeting that was moved due to the Memorial Holiday?,intermedio,1411,1411;793_chunk0;1483;360;2170,0.2195;0.3820;0.4078;0.4132;0.4143,0.3673505425453186,True,1,0.0,0.21949976682662964,1,1,"The EA Staff Meeting is rescheduled for Thursday, May 31, 2001, from 9:00 AM to 10:00 AM.","The EA Staff Meeting that was rescheduled due to the Memorial Holiday will take place on Thursday, May 31, 2001, from 9:00 AM to 10:00 AM in room EB3270.",ambos_aciertan
62,What is the total amount of the expense report for Brent A. Price that is ready for my approval?,intermedio,1921,1921;1847;1427;1439;1854,0.2200;0.3256;0.3607;0.3794;0.4095,0.3390347480773926,True,1,0.0,0.21997416019439697,1,1,The total amount of the expense report is $462.06.,The total amount of the expense report for Brent A. Price that is ready for your approval is $462.06.,ambos_aciertan
63,"By what date must users of the ect.enron.com, ei.enron.com, and ees.enron.com email domains switch to the firstname.lastname@enron.com format?",intermedio,2037,2037;408;899;425;747,0.2172;0.3749;0.4283;0.4416;0.4422,0.3808282732963562,True,1,0.0,0.21716570854187012,1,0,"These domains will be decommissioned by the close of business on Friday, January 18th.","You must switch to the firstname.lastname@enron.com format by the close of business on Friday, January 18th.",discrepancia
64,Who will be making the presentation for Rick Causey at the Analyst Orientation on January 19 because I will be out of town?,intermedio,844,844;163_chunk1;270;1274_chunk1;650,0.2160;0.4763;0.4803;0.4913;0.4943,0.4316356539726257,True,1,0.0,0.2160022258758545,1,1,Brenda Herod has agreed to make the presentation for Rick Causey.,"Brenda Herod will be making the presentation for Rick Causey at the Analyst Orientation on January 19, as you will be out of town.",ambos_aciertan
65,"What is the proposed alternative date for the lunch meeting with Ted that was originally scheduled for Wednesday, May 31?",intermedio,220,220;205;66;1168;1173,0.3080;0.3181;0.3573;0.3769;0.3828,0.34860384464263916,True,1,0.0,0.3079889416694641,1,1,"The proposed alternative date is Thursday, June 1.","The proposed alternative date for your lunch meeting with Ted is Thursday, June 1.",ambos_aciertan
66,Who is currently reviewing the ETS Risk Management Policy at RAC?,intermedio,595,595;1663;1522_chunk1;1384_chunk0;1487,0.1763;0.3729;0.3758;0.4099;0.4152,0.3500373840332031,True,1,0.0,0.1763451099395752,1,1,Cassandra Schultz is currently reviewing the policy.,Cassandra Schultz in RAC is currently reviewing the ETS Risk Management Policy.,ambos_aciertan
67,"Who will Kristin be reporting to while working for EBS, and who should be contacted regarding the class fee charge?",intermedio,331,331;957;1021;1436;1629,0.2266;0.4570;0.4635;0.4910;0.4983,0.42729533910751344,True,1,0.0,0.22662413120269775,1,1,"Kristin will be reporting to Barry Pearce, and either Kristin or Barry should be contacted for the appropriate RC to charge.","While working for EBS, Kristin will be reporting to Barry Pearce. You should contact either Kristin or Barry to determine the appropriate RC within EBS to charge for the class fee. If you had already charged ENA at the time of enrollment, please make sure to reverse that charge.",ambos_aciertan
68,What are the flight details for the Miami Air charter trip to Orlando on March 2 and the return trip on March 6?,intermedio,106,106;105;1368;380;1973,0.3106;0.4402;0.4880;0.4933;0.5148,0.4493760824203491,True,1,0.0,0.3106228709220886,0,0,"The flight leaves IAH at 4:30 PM on Thursday, March 2, and leaves Orlando at 4:30 PM on Monday, March 6.","For your Miami Air charter trip to Orlando, here are the flight details:

*   **Departure:** You are leaving IAH at approximately 4:30 PM on Thursday, March 2.
*   **Return:** You are returning to IAH on Monday, March 6, at approximately 6:30 PM.",ambos_fallan
69,Why does the proposed meeting time change for the systems meeting on Thursday not work for me?,intermedio,541,541;209;1511;360;1500_chunk2,0.2392;0.3826;0.3879;0.3957;0.3982,0.3607454538345337,True,1,0.0,0.2392311692237854,1,1,It does not work because I have a standing systems meeting every Thursday at 9:00 am.,The proposed time change for the systems meeting on Thursday does not work for you because you have a standing systems meeting scheduled at 9:00 AM on Thursdays.,ambos_aciertan
70,What is Allan Sommer interested in pursuing after our meeting and the submission of his updated CV?,intermedio,593,593;403;243_chunk1;552;1472,0.4610;0.5638;0.5716;0.5790;0.5867,0.5524137735366821,True,1,0.0,0.46102476119995117,1,1,He is interested in further discussions should a commercial role develop within my group.,"Allan Sommer is interested in having further discussions with you regarding a potential commercial role, should one develop within your group.",ambos_aciertan
71,Who was involved in the download meeting with the representative from the Texas Railroad Commission regarding the audit findings?,intermedio,558,558;1878_chunk21;1517;983_chunk3;1878_chunk32,0.2992;0.5041;0.5092;0.5177;0.5356,0.4731638193130493,True,1,0.0,0.299205482006073,1,1,Brenda Herod was involved in that meeting.,"Brenda Herod was involved in the download meeting with the representative from the Texas Railroad Commission regarding those audit findings. If she hasn't already spoken to you about it, you may want to visit with her to get the details.",ambos_aciertan
72,"What is my cell phone number if I need to be reached on the afternoon of Friday, June 9, 2000?",intermedio,251,1981_chunk2;602_chunk2;126;154;251,0.4043;0.4167;0.4508;0.4549;0.4600,0.4373494625091553,True,1,4.0,0.46001309156417847,1,1,My cell phone number is 713-417-1591.,Your cell phone number is 713-417-1591.,ambos_aciertan
73,Which training programs did I complete in 1999 and 2000?,intermedio,1036,1091;1945_chunk11;1084;1135_chunk8;1036,0.6147;0.6237;0.6388;0.6423;0.6457,0.6330415725708007,True,1,4.0,0.645733118057251,0,0,I completed the Executive Influence and Impact program in May 1999 and the follow-up Communications program in 2000.,No information available in the provided emails.,ambos_fallan
74,"Which team will the recipient of my October 28, 2001 email be joining in EES?",intermedio,1674,1233;1608;1674;50;1300,0.4356;0.4381;0.4453;0.4613;0.4668,0.4494305968284607,True,1,2.0,0.44529587030410767,1,1,The recipient will be joining Beth Apollo's risk team.,"The recipient of your October 28, 2001 email will be joining Beth Apollo's risk team in EES.",ambos_aciertan
75,"What event is scheduled for January 31, 2001, involving Ted and his students from OU?",intermedio,894,894;66;871;1259;299,0.3485;0.3796;0.4295;0.4485;0.4730,0.41580097675323485,True,1,0.0,0.34853070974349976,1,1,There is a tour of Enron Field and a dinner scheduled for Ted and his students from OU.,"The event scheduled for January 31, 2001, involving Ted and his students from OU, is a tour of Enron Field followed by a dinner.",ambos_aciertan
76,"What is the status of the sign-off from Kim regarding ConfirmLogic as of April 18, 2001?",intermedio,1223,1223;1219;743;16;1224,0.2309;0.2402;0.4502;0.4874;0.5038,0.382494843006134,True,1,0.0,0.23088699579238892,1,1,There is no sign-off from Kim at this point.,"As of April 18, 2001, there is no sign-off from Kim regarding ConfirmLogic. You are scheduled to meet with her this afternoon to discuss her comments on the matter.",ambos_aciertan
77,"Where will I be on the Thursday and Friday following November 10, 2000?",intermedio,559,526;1906_chunk18;1546_chunk2;1167_chunk1;1471,0.4593;0.4606;0.4776;0.5140;0.5187,0.486046290397644,False,0,,,0,0,I will be at the Enron Management conference in San Antonio.,"Based on the emails provided, there is no information regarding your schedule or location for the Thursday and Friday following November 10, 2000.",ambos_fallan
78,What are the work and cell phone numbers for Steve?,intermedio,1750,2036;1750;826;1661;549,0.3230;0.4366;0.4629;0.5155;0.5218,0.45193848609924314,True,1,1.0,0.4365716576576233,1,1,Steve's work number is 512-427-3307 and his cell number is 512-431-7739.,"Sally, according to your records, Steve's contact numbers are:

*   **Work:** 512-427-3307
*   **Cell:** 512-431-7739",ambos_aciertan
79,"Which employees were replaced by Leslie Reeves, Christina Valdez, and Israel Estrada on the Thursday prior to January 21, 2002?",intermedio,2206,2206;1052;1331;1783;1262_chunk1,0.1784;0.4224;0.5042;0.5143;0.5189,0.4276600003242493,True,1,0.0,0.17842388153076172,1,1,"I need to provide Mandy with the names of the employees that were replaced by Leslie Reeves, Christina Valdez, and Israel Estrada.","Sally, regarding your question about the employees replaced by Leslie Reeves, Christina Valdez, and Israel Estrada: the provided emails do not contain the names of the individuals they replaced. Mandy Curless reached out to you specifically to ask for those names, as she was unsure who they were.",ambos_aciertan
80,"Who is the candidate whose resume Patti Thompson sent to Laura regarding my voicemail from Monday, May 8, 2000?",intermedio,197,333;197;95;1993;791,0.4123;0.4147;0.4564;0.4588;0.4669,0.44181573390960693,True,1,1.0,0.41466766595840454,1,1,The candidate is Mark Mixon.,The candidate whose resume Patti Thompson sent to Laura regarding your voicemail is Mark Mixon.,ambos_aciertan
81,"When will I return to the office after the UT recruiting function on March 28, 2001?",intermedio,1076,1076;1075;1017;1430;490,0.3584;0.3780;0.3940;0.4115;0.4144,0.391259503364563,True,1,0.0,0.35837388038635254,1,1,I will be back in the office at 8:00 on Thursday for the CommodityLogic meeting.,"You will be back in the office at 8:00 on Thursday, March 29, for the CommodityLogic meeting.",ambos_aciertan
82,What clarification did Mary provide regarding the 'Yellow Rose Petal' award mentioned in the meeting notes?,intermedio,1615,1615;1408;1865;2040_chunk0;1622_chunk2,0.3508;0.5544;0.5778;0.6152;0.6366,0.5469521284103394,True,1,0.0,0.3507516384124756,1,1,"Mary clarified that it is an award requested by their specific chapter and is not a nationwide award, so other chapters must request it from National if they want it.","Mary clarified that the ""Yellow Rose Petal"" award—which is given for 25 hours over the minimum—is not a nationwide award. She explained that it is an award your chapter specifically requested, so if other chapters want to offer it, they will have to request it from National themselves.",ambos_aciertan
83,Who are the assistants I designated to coordinate the UT recruiting meeting with Kristin?,intermedio,1430,1430;1554_chunk1;1075;1076;324_chunk0,0.2952;0.4080;0.4368;0.4508;0.4520,0.4085661292076111,True,1,0.0,0.2952371835708618,1,1,"I designated my assistant, Patti Thompson, and Rick's assistant, Sharron Westbrook, to coordinate the meeting.",The assistants you designated to coordinate the UT recruiting meeting with Kristin are Patti Thompson (x39106) and Sharron Westbrook (who assists Rick).,ambos_aciertan
84,"What is the educational background of Julie, the person I suggested contacting regarding a role in the fundamentals group?",intermedio,960,1071_chunk3;1074_chunk3;960;382;2216,0.4781;0.4781;0.4853;0.5459;0.5555,0.5085896849632263,True,1,2.0,0.4852721691131592,1,1,Julie is a University of Nebraska graduate.,Julie is a University of Nebraska graduate.,ambos_aciertan
85,"Why am I unable to attend the meeting scheduled for 10:00 on September 7th, and what personnel change occurred at the company effective August 31st?",intermedio,402,793_chunk0;2123;1500_chunk2;1364;2170,0.3476;0.3534;0.3733;0.3756;0.3763,0.3652446985244751,False,0,15.0,0.42081212997436523,0,0,"I cannot attend because I have a business review meeting with Jeff Skilling, and Bob Klein has resigned from the company.","Sally, based on the emails provided, there is no information available regarding a meeting on September 7th at 10:00, nor is there any mention of a personnel change effective August 31st. The documents provided only contain information regarding meeting schedules for December, January, and general administrative updates.",ambos_fallan
86,What is the Request ID for the security approval request regarding Maria Garza's access to the EOL US Other application?,intermedio,726,412;726;158;152;173,0.4562;0.4616;0.4741;0.4745;0.4751,0.4683104634284973,True,1,1.0,0.4616296887397766,1,1,The Request ID is 000000000009315.,The Request ID for the security approval request regarding Maria Garza's access to the EOL US Other application is 000000000009315.,ambos_aciertan
87,What is my revised schedule for the upcoming reception and interviews?,intermedio,1609,1151_chunk9;1609;1118;1500_chunk2;1502_chunk1,0.4391;0.4404;0.4435;0.4511;0.4568,0.4461937427520752,True,1,1.0,0.44044458866119385,1,1,"I will miss the reception on Sunday and the interviews on Monday, but I will arrive Monday night and conduct interviews on Tuesday.","Regarding your upcoming schedule, you informed your team that you will miss the reception on Sunday evening and the interviews on Monday. Instead, you will arrive on Monday night and conduct your interviews on Tuesday.",ambos_aciertan
88,"What is the status of the books in the gas and power area for the date of 11/30/2001, which was the last day before the bankruptcy declaration?",intermedio,2127,2127;2130;794_chunk0;1996;2069_chunk2,0.1651;0.3690;0.4836;0.5080;0.5144,0.4080088138580322,True,1,0.0,0.165083646774292,1,1,All books were run properly in the gas and power area on 11/30/2001.,"Sally, regarding the status of the books in the gas and power area for 11/30/2001, they were run properly. This date was the last day prior to the bankruptcy declaration, and there has been some confusion regarding their calculation that you should be aware of.",ambos_aciertan
89,What are the dates and times for the home games where Meagan will be performing in the half-time routine?,intermedio,409,452_chunk3;409;824;1424_chunk2;1915_chunk43,0.4995;0.5002;0.5756;0.5795;0.5855,0.5480344891548157,True,1,1.0,0.5001552104949951,1,1,"The home games are Friday, September 15 at 7:00 pm, Saturday, October 14 at 7:00 pm, and Friday, October 20 at 7:00 pm.","The home games where Meagan will be performing in the half-time routine are:

*   Friday, September 15 at 7:00 pm
*   Saturday, October 14 at 7:00 pm
*   Friday, October 20 at 7:00 pm (homecoming)

There is a possibility that she could be added to two other home games if alternates are needed, though nothing is definitive.",ambos_aciertan
90,What specific document did I request to see in its entirety regarding the RFP response sent to CMS?,intermedio,1055,1055;645;515;303;1283,0.2265;0.5849;0.5937;0.5981;0.5987,0.5203729152679444,True,1,0.0,0.22648096084594727,1,1,"I requested a copy of the complete response to the RFP, as the document we were reviewing was only part of the package.","You requested to see the complete response to the RFP that was sent to CMS, as you noted that the document you were previously reviewing was only part of the package.",ambos_aciertan
91,"Who is in charge during Steve's absence on Monday, January 7, and what is his cell phone number?",intermedio,2036,2036;473_chunk1;333;1750;2226,0.2958;0.5007;0.5351;0.5430;0.5619,0.4873161554336548,True,1,0.0,0.29582297801971436,1,1,"Scott Abshire is in charge, and his cell phone number is 713-853-6780.","Scott Abshire will be in charge during Steve's absence on Monday, January 7. His cell phone number is 713-853-6780.",ambos_aciertan
92,"Who did I meet with on March 13, 2000, to schedule the operations and controls reviews of Enron offices?",intermedio,127,127;1644;474;1239;899,0.2261;0.2523;0.2558;0.2834;0.2842,0.260352349281311,True,1,0.0,0.22608447074890137,1,1,"I met with Ted Murphy, Tom Bauer, and Jim Brown.","You met with Ted Murphy, Tom Bauer, and Jim Brown on March 13, 2000, to schedule the operations and controls reviews.",ambos_aciertan
93,Which resort did I suggest as a potential location for the family anniversary trip in January 2001?,intermedio,851,851;831_chunk0;831_chunk1;546_chunk0;1445,0.3683;0.3897;0.4511;0.5345;0.5557,0.4598442316055298,True,1,0.0,0.3682786822319031,1,1,I suggested the Hyatt Hill Country.,"In January 2001, you suggested the following resorts as potential locations for the family anniversary trip:

*   **Hyatt Hill Country:** You mentioned this as an obvious choice, noting that you had visited it in November and found it very nice.
*   **High Hampton Inn and Country Club (North Carolina):** You found this in a book titled *100 Best Family Resorts in North America* and noted that it met the criteria of being in the mountains.
*   **Blackberry Farm (Tennessee):** You also identified this as a potential option that met the mountain criteria.

Additionally, you mentioned that there was a newer resort in the Hyatt Hill Country area, though you couldn't recall the name at the time and planned to get it from David.",ambos_aciertan
94,"Who is Steve Pruett, according to the email from Jeff Bartlett?",intermedio,2215,2036;1452;473_chunk1;1453;955_chunk3,0.5890;0.5920;0.6029;0.6054;0.6068,0.5992265343666077,False,0,,,0,0,Steve Pruett is a former Enron VP in Energy Capital Resources who left Enron approximately six months prior to January 2002.,"I am sorry, Sally, but the provided emails do not contain any information regarding who Steve Pruett is, nor is there any email from Jeff Bartlett in the provided sources.",ambos_fallan
95,"Who is aware of the boxes ready to be transferred to HPL, and when will Beth Apollo provide more information?",intermedio,2002,2002;1140;1125;1674;1256,0.2454;0.4636;0.4708;0.4954;0.5007,0.4351817011833191,True,1,0.0,0.24544227123260498,1,1,"Pat Weatherspoon is aware of the boxes, and Beth Apollo will provide more information when Pat returns on Wednesday.","Pat Weatherspoon is aware of the boxes that are ready to be transferred to HPL. Regarding the additional information, Beth Apollo mentioned that she will get back to you on Wednesday once she has spoken with Pat.",ambos_aciertan
96,"When is the cross-functional PRC meeting with Rick Causey scheduled, and when is the deadline for submitting accomplishment compilations?",intermedio,650,650;270;1274_chunk1;602_chunk1;317,0.2042;0.3155;0.4064;0.4082;0.4093,0.348713743686676,True,1,0.0,0.20415347814559937,1,1,"The meeting is scheduled for Friday, December 1, and the deadline for submitting accomplishments is Thursday.","The cross-functional PRC meeting with Rick Causey is scheduled for this Friday, December 1. Consequently, you need the compilation of accomplishments submitted by this Thursday.",ambos_aciertan
97,"During my visit to the London office the week of January 15, 2001, which individuals did I plan to spend most of my time with?",intermedio,877,932;526;877;1370;859_chunk1,0.2972;0.4301;0.4321;0.4405;0.4622,0.4124270796775818,True,1,2.0,0.43213456869125366,1,1,I planned to spend most of my time with Fernley and Mike Jordan.,"During your visit to the London office the week of January 15, 2001, you planned to spend most of your time with Fernley and Mike Jordan.",ambos_aciertan
98,Who gave a presentation to the Peoples Energy Board that Louise Kitchen found very impressive?,intermedio,1162,1163;1155;1154;1162;679_chunk0,0.3275;0.3288;0.3559;0.3588;0.4942,0.3730301380157471,True,1,3.0,0.35875391960144043,1,1,Bob Superty gave the presentation.,Bob Superty gave the presentation to the Peoples Energy Board that Louise Kitchen found very impressive.,ambos_aciertan
99,What are the specific dates in March 2001 that I am available to conduct interviews at UT?,intermedio,1029,1110;1118;587;1029;1066,0.4006;0.4034;0.4267;0.4404;0.4558,0.4253807902336121,True,1,3.0,0.4403594732284546,1,1,"I am available on Tuesday, March 27 and Thursday, March 29.","For your interviews at UT in March 2001, you indicated that you are available during the week of March 26. Specifically, you noted that your best days are Tuesday, March 27, and Thursday, March 29, though you mentioned you could make other days work as well.",ambos_aciertan
100,What are the specific topics and people I planned to discuss or meet with during my upcoming trip to the London office in January 2001?,largo,859,859_chunk1;932;846_chunk0;1370;856_chunk0,0.3189;0.3346;0.4304;0.4404;0.4434,0.3935363292694092,True,1,0.0,0.3188825249671936,0,0,"I planned to review the action plan for London books, replicate an Operational Risk session, discuss the Doorstep process, technology dependencies with Mark Pickering, planning for the February 12 & 13 ASE, and the operational pricing model. I also intended to meet with Michael Brown, Beth Apollo, Ted Murphy, and Fernley.","During your trip to the London office in January 2001, you planned to meet with Mike Jordan to review several key items. Specifically, your agenda included:

*   **Mike Jordan’s action plan:** To move the close and officialization of London books to a same-day process.
*   **Operational Risk:** To replicate the operational risk information session for your London counterparts (similar to the one held in Houston on January 11 for operations managers).
*   **Doorstep process:** To discuss this process with your business controllers in the London office who will participate in reviews this year, aiming to clear up questions and get their input for improvement.
*   **Technology:** To discuss technology dependencies related to speeding up London's information for the corporate DPR with Mark Pickering.
*   **Planning:** To conduct planning for the February 12 & 13 ASE.
*   **Pricing and Commercialization:** To discuss the feasibility of using your operational pricing model in London, as well as your ideas regarding CommodityLogic and the potential commercialization of mid and back-office services.
*   **Additional Meetings:** You also expressed a willingness to meet with anyone in the London office that you deemed beneficial, noting that Michael Brown had expressed an interest in meeting with you.",ambos_fallan
101,"What were the details of my itinerary for the Enron MBA Excellence Fund Scholars Dinner in Austin on September 7, 2000?",largo,422,1565;1553_chunk0;1570;1556;400,0.2553;0.2860;0.3244;0.3273;0.3285,0.3043076157569885,False,0,19.0,0.3935146927833557,0,0,"I was scheduled to depart Houston-Hobby at 4:20 PM, meet Rick Causey at The Driskill lobby at 6:30 PM, and attend dinner at The Josephine House at 7:30 PM.","Based on the emails provided, there is no information regarding an Enron MBA Excellence Fund Scholars Dinner on September 7, 2000.

The correspondence available only contains details for a dinner held on **Tuesday, October 16, 2001**, at The Josephine House in Austin, with cocktails at 7:00 pm and dinner at 7:30 pm. Regarding the year 2000, there is only a mention of you attending a presentation and having lunch with your mother in Austin, but no reference to an MBA scholarship dinner on that date.",ambos_fallan
102,"What actions were required of employees by 2:00 PM on December 17, 2001, regarding the list of retained employees?",largo,1957,1849;1732;1957;2097;2020,0.4032;0.4450;0.4601;0.4735;0.4863,0.45361679792404175,True,1,2.0,0.4600876569747925,1,1,"Employees needed to verify their tab in the email to confirm the list of retained employees, indicate those designated for NewCo, return a signed hard copy of the list to Marla Barnard, and complete a summary template for Kerry Roper or Mike Galvan.","On December 17, 2001, the following actions were required of employees by 2:00 PM:

*   **Review your tab:** You needed to verify the list of retained employees (ensuring your own name was included).
*   **Indicate NewCo designations:** Where applicable, you had to mark which employees were designated to go to NewCo, as the goal was to identify those remaining with the estate.
*   **Return a hard copy:** You were required to return a hard copy of your list to Marla Barnard, signed to confirm that the list was accurate and complete, or with any necessary changes or updates noted.
*   **Complete a summary template:** You had to complete a summary template (provided by Kerry Roper or Mike Galvan) detailing your total number of employees, including subtotals for those going to NewCo and those remaining with the estate.",ambos_aciertan
103,What plans did I propose for the visit of my guests to Houston in early November 2000?,largo,527,464;480_chunk1;909_chunk0;1627_chunk2;2152_chunk0,0.3134;0.3838;0.3903;0.3945;0.4004,0.37647793292999265,False,0,,,0,0,"I proposed taking the day off on Friday, November 3, for us to do something fun with Rebecca and Tyler, and potentially arranging a lunch on Thursday at Irma's for our group and ex-First City folks.","For your guests' visit in early November 2000, you proposed the following plans:

*   **Friday, November 3:** You blocked off this day from work to spend time with them and the kids, suggesting activities like visiting the zoo or the Children's Museum.
*   **Football:** You confirmed there is a home football game on that Friday and offered to provide tickets if they are interested in attending.
*   **Coordination:** You also reached out to Mo via email to see if she might be in Houston during their stay.",ambos_fallan
104,"What was the status of scheduling VP reviews as of September 20, 2000, following the VP PRC meeting?",largo,441,441;421;1341;300_chunk0;391,0.2321;0.2764;0.3138;0.3228;0.3234,0.293714702129364,True,1,0.0,0.2321232557296753,1,1,"The VP PRC meeting took place on September 11 and 12, but HR had not yet received the final results as of September 15, so I decided to wait until those were in hand before scheduling the reviews.","As of September 20, 2000, the status of scheduling the VP reviews is that they are still on hold. 

Although the VP PRC meeting took place on September 11 and 12, you confirmed that as of September 15, HR had not yet received the final results from the PRC. You are planning to check with HR this week to see if everything is finalized so that you can proceed with scheduling the reviews, and you have committed to keeping the relevant parties posted.",ambos_aciertan
105,When and where was the Enron MBA Excellence Fund Scholarship dinner scheduled to take place in October 2001?,largo,1556,1553_chunk0;1552_chunk0;1137;1122;1570,0.1906;0.2768;0.2992;0.3023;0.3080,0.27536194324493407,False,0,5.0,0.30823397636413574,1,1,"The dinner was scheduled for Tuesday, October 16, 2001, at The Josephine House, with cocktails at 7:00 PM and dinner at 7:30 PM.","The Enron MBA Excellence Fund Scholarship dinner was scheduled to take place on Tuesday, October 16, 2001, at The Josephine House. Cocktails were set for 7:00 pm, followed by dinner at 7:30 pm.",ambos_aciertan
106,What issue did the credit department raise regarding the CommodityLogic version 2.0 release scheduled for December 15?,largo,617,762;365;1071_chunk0;1074_chunk0;1614,0.4246;0.4643;0.4709;0.4746;0.4854,0.46396421194076537,False,0,11.0,0.5143188834190369,0,0,"The credit department raised concerns about the accuracy of the data in the new 'exposure tracker' feature and requested a meeting to ensure they have good data, as they currently rely on manual calculations.","Based on the emails provided, there is no information regarding the credit department or any issues they may have raised concerning a CommodityLogic version 2.0 release scheduled for December 15. 

The available correspondence mentions a demonstration of CommodityLogic modules (including Financial Management Module 2.0) proposed for December 21, but it does not reference the credit department or a December 15 deadline.",ambos_fallan
107,Who were the UT faculty members invited to the Enron MBA Excellence Fund Scholarship dinner in October 2001?,largo,1552,1553_chunk0;1570;1556;1080;1077,0.2136;0.3050;0.3051;0.3066;0.3073,0.28750799894332885,False,0,10.0,0.33317887783050537,0,0,"The invitees were Philip Zerrillo, Britt Freund, Dr. Ehud Ronn, Dr. George Gau, Dr. Beverly Hadaway, Dr. Linda Golden, and Eloy Garcia.","Based on the emails provided, the only specific faculty member mentioned in relation to the dinner is Dean May. While you noted that the dinner is held with him and others from the University, no other specific names of UT faculty members are listed in the correspondence.",ambos_fallan
108,When did I tentatively plan to travel to the London office to discuss year-end closing issues and bonus information?,largo,819,819_chunk2;859_chunk1;932;852;856_chunk1,0.3833;0.4346;0.4437;0.4524;0.4650,0.4357883453369141,True,1,0.0,0.3832510709762573,1,1,I tentatively planned to travel to the London office during the week of January 15.,"You tentatively planned to travel to the London office during the week of January 15th. 

Regarding the timing, you noted that this week would allow you to get past year-end closing issues, and you planned to be back in the Houston office by Monday, January 22, to communicate bonus information.",ambos_aciertan
109,What are the main goals for Global Risk Management Operations in 2000 regarding infrastructure and talent?,largo,102,102_chunk2;130_chunk0;1864_chunk2;1320;1521_chunk1,0.3257;0.4116;0.4126;0.4308;0.4521,0.4065585732460022,True,1,0.0,0.32568812370300293,1,1,"The goals include building operational and controls infrastructure for merchant activities, emerging businesses, and joint ventures, as well as strengthening mid and back office talent through common standards, a controls mindset, rotational opportunities, and coordinated IT systems.","Hi Sally, regarding your goals for Global Risk Management Operations in 2000, here is the breakdown based on your records:

**Infrastructure Goals:**
You aimed to build and enhance the operational and controls infrastructure to support:
*   **Merchant Activities:** Specifically in Japan, the Southern Cone, Continental Europe, and other identified regions.
*   **Emerging Businesses/Products:** Including Enron Broadband Services, Credit Trading, and other products.
*   **Joint Ventures.**

**Talent and Controls Goals:**
To strengthen the mid and back office, your objectives were to:
*   Establish common operational standards with effective exception reporting.
*   Strengthen and support a controls mindset among key operational personnel.
*   Develop a plan to identify, develop, and provide rotational opportunities for key operations employees.
*   Continue coordinating with IT to develop mid and back office systems that allow for the timely and accurate compilation of data for risk and business reporting.

Additionally, you initiated a collaboration with Enron Europe Ltd. to assess operational policies, procedures, and internal controls to establish and implement global standards and measurements.",ambos_aciertan
110,What is my office phone number that I provided to the person in charge of the malfunctioning system?,largo,385,602_chunk2;1909_chunk11;1664;2047;1424_chunk7,0.4184;0.4839;0.5071;0.5124;0.5140,0.4871708512306213,False,0,9.0,0.5587127804756165,1,1,My office phone number is 35926.,Your office phone number is x35926 (or 713-853-5926).,ambos_aciertan
111,"Why will I be out of the office on March 2nd and March 5th, 2001?",largo,995,1017;996;1546_chunk2;219;630,0.5025;0.5357;0.5442;0.5526;0.5641,0.5398362755775452,False,0,,,1,1,I will be out of the office on those dates to chaperone Meagan's drill team to a state competition in Dallas.,"You will be out of the office on March 2 and March 5, 2001, because you will be a chaperone for your daughter and 80 other girls from the high school drill team at a state competition in Dallas.",ambos_aciertan
112,What is my scheduled Outlook migration date according to the notification from the Outlook team?,largo,1229,1233;1229;1178;1186;144,0.3745;0.3836;0.5068;0.5069;0.5407,0.4625010251998901,True,1,1.0,0.3836139440536499,1,1,My scheduled Outlook migration date is the evening of April 23rd.,Your scheduled Outlook migration date is the evening of April 23rd.,ambos_aciertan
113,"What is the frequency and the location of the ISC Training and Communication Services Team staff meetings starting September 29, 2000?",largo,438,438_chunk1;793_chunk0;1483;1764;2201,0.3383;0.4253;0.4268;0.4419;0.4431,0.4150844097137451,True,1,0.0,0.33830273151397705,0,0,The meetings occur every second week on Friday in conference room #42c1.,"The ISC Training and Communication Services Team staff meetings, which started on September 29, 2000, were scheduled to repeat every second week on Fridays.",ambos_fallan
114,"Which cities had ENA Energy Operations employees working on January 1st, 2000, to test systems?",largo,28,28_chunk1;218_chunk0;1591;146;61,0.3097;0.4013;0.4144;0.4211;0.4538,0.40004295110702515,True,1,0.0,0.3096923828125,1,1,"The employees were working in the offices in Houston, Denver, and Calgary.","The ENA Energy Operations employees who worked on January 1st to test your systems were located in Houston, Denver, and Calgary.",ambos_aciertan
115,"What time did I hope to have my meeting with James on Friday, February 9th, 2001?",largo,980,830;932;1090;1083;2222,0.3713;0.4082;0.4110;0.4123;0.4176,0.40406944751739504,False,0,,,0,0,I hoped to have that meeting with James at 10:30.,"Based on the emails provided, there is no information regarding a meeting with James on Friday, February 9th, 2001. The only mention of a meeting with James is in your email from January 5th, 2001, where you noted you would be unavailable for a meeting on the 8th.",ambos_fallan
116,"What specific suggestions did Bob Superty make to improve employee morale at Enron following our lunch meeting on October 23, 2001?",largo,1640,1641;1640_chunk2;1163;1155;1154,0.2717;0.3486;0.3566;0.3583;0.4133,0.3496923685073853,True,1,1.0,0.3486245274543762,0,0,"Bob suggested promoting positive news like the move to the new building, hosting a mini open house, having vendors in the lobby to showcase technology, offering employee discounts on electronic devices, hosting more industry meetings like GISB, and having the Executive team hold regular, impromptu floor meetings to connect with employees.","Sally, regarding your question about the specific suggestions Bob Superty made following the lunch meeting on October 23, 2001:

Although you mentioned in your emails that you received ideas from Bob and were planning to form an informal team to act on them, the provided emails do not list the specific content or details of those suggestions. They only note that you received his ideas and were considering how to implement them for your operations team and the broader Enron employee base.",ambos_fallan
117,What are the specific technical issues Stacey White identified regarding the Enpower system's handling of swaptions and asian options?,largo,773,773_chunk2;773_chunk1;339;1296;619,0.3155;0.3225;0.5023;0.5253;0.5283,0.4387772917747498,True,2,0.0,0.3155220150947571,1,1,"Stacey noted that IT is currently working on new volatility curves for swaptions and correlations for asian options to ensure they are valued properly, as the current system was originally built for physical power and lacks these specific financial market enhancements.","Stacey White identified that the Enpower system currently lacks the necessary volatility curves for swaptions and the correlations required for Asian options to be valued properly. 

She noted that while the system was originally built for the physical power market, it needs these enhancements to adapt to the US becoming more of a financial market. Currently, the impact of these missing features is greater for London, which trades more swaptions and Asian options than the US. In the US, the system relies on deal-specific volatilities for swaptions because other, more material items have taken priority, though the team intends to adopt swaption volatility curves once the technology is in place. Additionally, Stacey mentioned that it is currently difficult to extract option data from Enpower.",ambos_aciertan
118,"Who is the individual responsible for conducting the new market survey and compensation analysis for Manager level positions and above at ENA, EIM, and EGM?",largo,435,435_chunk0;1812;570;1403;1358_chunk10,0.3542;0.4071;0.4126;0.4376;0.4376,0.4098142147064209,True,1,0.0,0.3542236089706421,1,1,Todd Burke is the individual responsible for conducting the market survey and compensation analysis for those positions.,"The individual responsible for conducting the market survey and compensation analysis for Manager level positions and above at ENA, EIM, and EGM is Todd Burke.",ambos_aciertan
119,"What specific information does Chris Abel need from me by 2:30 p.m. on January 24, 2002, to prepare the bi-weekly DPR for active positions?",largo,2213,806_chunk2;1160_chunk1;2220;1994;1118,0.4954;0.5016;0.5047;0.5174;0.5223,0.5082702755928039,False,0,6.0,0.5312358140945435,0,0,Chris needs the PRM values (column X) for the positions and confirmation that I am satisfied with the benchmark numbers pulled from RMS.,"Based on the emails provided, there is no information regarding a request from Chris Abel for data by 2:30 p.m. on January 24, 2002, nor is there any mention of a bi-weekly DPR for active positions. The provided correspondence only discusses DPR reporting schedules for late December 2001 and early January 2002, as well as various scheduling matters.",ambos_fallan
120,What is my proposed plan to ensure the RMT Confirmations are completed promptly if we are currently short-staffed?,largo,821,821_chunk1;252;1517;1262_chunk0;313_chunk0,0.2889;0.4117;0.5098;0.5259;0.5422,0.45569615364074706,True,1,0.0,0.2888951301574707,1,1,I proposed enlisting Jeff Sorenson to help with the catch-up work and mentioned I would speak with Brent Price to secure his support for Jeff's involvement.,"To ensure the RMT confirmations are completed promptly despite being short-staffed, your proposed plan is to enlist Jeff Sorenson to handle the bulk of the catch-up work. You have indicated that you would be willing to speak with Brent Price, who you believe would support Jeff's involvement in this task. Additionally, you are seeking clarity on who will be responsible for these confirmations on an ongoing basis and are requesting a monthly report for Stephen to provide assurance that the task is being kept up-to-date.",ambos_aciertan
121,What is the deadline and purpose of the questionnaire being circulated by Mark E. Haedicke to Enron North America and Enron Net Works directors and officers?,largo,2087,2087;2085;1860;1130_chunk0;1417,0.4018;0.4047;0.4056;0.4240;0.4272,0.41265838146209716,True,1,0.0,0.40184593200683594,1,1,"The questionnaire must be completed by 4:00 p.m. on January 10, 2002, to disclose any transactions between the recipients and Enron related to the trading business since September 30, 1999, in connection with the proposed sale of the wholesale trading business.","Sally, the deadline for the questionnaire being circulated by Mark E. Haedicke is January 10, 2002, no later than 4:00 p.m.

The purpose of this questionnaire is to develop and verify information needed for the proposed sale of the entire wholesale trading business of natural gas and electricity with customers in North America. Specifically, you are required to disclose any transactions between yourself and Enron Corp., Enron North America Corp., or Enron Net Works relating to that trading business since September 30, 1999.",ambos_aciertan
122,When and where is the EGM Organizational Post Petition meeting scheduled to take place?,largo,2042,2042;1483;729;793_chunk0;570,0.2534;0.3229;0.3606;0.3782;0.3790,0.33882343769073486,True,1,0.0,0.25342732667922974,1,1,"The meeting is scheduled for Monday, January 7th, at 9:00 am in conference room ECN 30C1.","The EGM Organizational Post Petition meeting is scheduled for Monday, January 7th, at 9:00 am. It will take place in conference room ECN 30C1.",ambos_aciertan
123,Who are the targeted attendees for the upcoming presentation meeting regarding Enron services and the DASH process?,largo,1141,518_chunk0;517_chunk1;520_chunk0;1714_chunk3;519_chunk0,0.3229;0.3269;0.3274;0.3460;0.3464,0.3339127540588379,False,0,,,0,0,"The targeted attendees are Frank Vickers, Laura Luce, Barry Tycholiz, Fred LaGrasta, Dave Duran, Ozzie Pagan, Ed Baughman, Bruce Shuckley, Chris Calger, Ladain, and Max Y.","Based on the emails provided, there is no mention of the ""DASH process."" 

Regarding the Global Operations Controller Forum, the targeted attendees are approximately 30 Enron business controllers who have responsibility for mid and back office operations for the following entities: Enron North America, Enron Europe, Enron South America, Enron Global Markets, Enron Industrial Markets, Enron Broadband Services, and Enron Energy Services. These attendees will be traveling from Houston, Calgary, Tokyo, Sydney, London, and New York (metals business).",ambos_fallan
124,"What is the deadline for confirming forecast numbers and reflecting changes for the respective areas, including the new Capex section?",largo,1961,1961_chunk0;1968_chunk0;2120;1646;1422,0.3913;0.5082;0.5179;0.5292;0.5328,0.49588305950164796,True,1,0.0,0.3913092613220215,0,0,"The deadline for confirming the numbers and reflecting any changes is the end of the day on December 17, 2001.","Sally, based on the emails provided, there is no specific deadline mentioned for confirming your forecast numbers or for reflecting changes in the respective areas and the new Capex section. The correspondence only instructs you to review the attached files to ensure you are comfortable with your latest forecast numbers.",ambos_fallan
125,What are the specific criteria and the deadline for submitting a list of individuals for promotion to HR generalists?,largo,2073,2073;2105;2103;2115;2086,0.4814;0.4840;0.5288;0.5313;0.5437,0.5138319134712219,True,1,0.0,0.4814068675041199,1,1,"The nominee must have been in their current role for at least a year and received a 3 or better rating during the mid-year PRC process, with a submission deadline of 12:00 pm on Thursday, January 10, 2002.","To submit your list of individuals for promotion, you must meet the following criteria and deadline:

*   **Deadline:** You need to provide the list to your HR generalist no later than 12:00 pm on Thursday, January 10, 2002.
*   **Criteria:** The nominees must have been in their current role for at least a year and must have received a rating of 3 or better during the mid-year PRC process.
*   **Additional Requirement:** You are also required to provide a brief explanation (a few bullet points) for each nominee detailing the reasons for the promotion.",ambos_aciertan
126,"What is the phone number for Beverly Scott, who is coordinating the outfit selection for the show?",largo,383,383_chunk0;1171;1176;2036;1929,0.3912;0.4205;0.4210;0.4821;0.5304,0.4490374207496643,True,1,0.0,0.3912060856819153,0,0,Beverly Scott's work phone number is 281-444-0751.,"Sally, I have reviewed your emails and, unfortunately, the provided information does not contain a phone number for Beverly Scott. While you mentioned in your email from August 23, 2000, that you provided her with a list of names and numbers to coordinate the outfit selection, you did not include her contact information in that correspondence.",ambos_fallan
127,"When do the children get out of school, which is a factor in planning the group trip?",largo,396,977_chunk1;2222;396_chunk2;282;386,0.5183;0.5598;0.5634;0.6039;0.6040,0.5698914885520935,True,1,2.0,0.5634126663208008,1,1,"The children get out of school on Friday, May 25.","Your children get out of school on Friday, May 25.",ambos_aciertan
128,What is the objective of the meeting requested by Robert Carter of Enterprise Services Company with Enron Wholesale?,largo,1714,1714_chunk2;517_chunk2;1714_chunk3;1853;2090_chunk0,0.2287;0.3540;0.3623;0.3697;0.3738,0.3376981496810913,True,2,0.0,0.22871851921081543,1,1,The objective is to identify opportunities for ESC to provide business process support services to Enron Wholesale.,The objective of the meeting requested by Robert Carter of Enterprise Services Company (ESC) is to identify opportunities for ESC to provide business process support services to Enron Wholesale.,ambos_aciertan
129,Which three individuals does Sally Beck recommend for the Netco team due to their extensive operations and risk management experience?,largo,2013,2013_chunk2;2013_chunk0;1979;1455;2034_chunk5,0.3592;0.4055;0.4277;0.4293;0.4375,0.4118535161018372,True,2,0.0,0.3591794967651367,1,1,"Sally Beck recommends Todd Hall, Kevin Sweeney, and Shona Wilson.","The three individuals you recommend for the Netco team are Todd Hall, Kevin Sweeney, and Shona Wilson.

You have highlighted that Todd Hall and Kevin Sweeney possess extensive risk management experience and have managed all aspects of trading operations, including documentation, risk books, and settlements. Regarding Shona Wilson, you noted her excellent experience with PWC auditing trading companies in Europe and her current leadership in producing the DPR and MPR, suggesting she could be instrumental in blending risk reporting processes with a new owner.",ambos_aciertan
130,When will I be back in the office after my trip to the London office in January 2001?,largo,868,932;877;526;852;996,0.3816;0.3899;0.4566;0.4772;0.4818,0.43743438720703126,False,0,,,1,1,"I will be back in the office on Monday, January 22.","You will be back in the Houston office on Monday, January 22, 2001.",ambos_aciertan
131,What are the potential drawbacks of staying at the Richmond Hill Inn in Asheville for Thanksgiving?,largo,943,943;941_chunk1;2074_chunk1;2074_chunk2;941_chunk2,0.4297;0.5264;0.5909;0.5972;0.5976,0.548329758644104,True,1,0.0,0.4296765923500061,1,1,"Most of their rooms have only king-size beds and sleep two people, which makes it difficult to accommodate a group of five.","The main drawback of staying at the Richmond Hill Inn is that most of their rooms only have king-size beds and can only accommodate two people. There are only two rooms with two beds and two cottages with sleeper sofas available. Because of this, you would likely need to book two separate rooms to accommodate your family comfortably, as five people in one room with a single bathroom would be too crowded.",ambos_aciertan
132,Why am I concerned about the performance issues of the Unify system?,largo,1519,1337;1519_chunk0;1825_chunk2;1519_chunk1;1694_chunk2,0.4237;0.5466;0.5826;0.6012;0.6048,0.5517884612083435,True,2,1.0,0.5466314554214478,0,0,"Because of nomination deadlines and the exchange of information with external parties, poor performance creates real dollar and PR exposure.","You are concerned about the performance issues of the Unify system because they occur rather frequently and impact your operations. You have been seeking to solve these problems by ensuring better coordination, as you believe that the many interdependencies within the company require teams to stay closely aligned to avoid these disruptions.",ambos_fallan
133,Why do I want to meet with Steve and Beth regarding the ERMS system?,largo,410,410_chunk1;720;238;1714_chunk1;1295,0.4741;0.5326;0.5383;0.5454;0.5542,0.5289100766181946,True,1,0.0,0.47409456968307495,1,0,"I want to discuss the staffing plan for ERMS support, specifically how day-to-day production support and development work will be managed following the resignation of Curtis Smith.","You want to meet with Steve and Beth to discuss the staffing plan for the support of ERMS. Since Sitara is not moving forward for valuation, ERMS has become one of your key strategic systems, and there is a need to ""catch up"" on enhancements that were on hold. You need to determine how day-to-day production support will be managed and how development work will be effectively handled moving forward.",discrepancia
134,What was the trend for Coal trades on EnronOnline in November 2000 compared to October?,largo,719,665_chunk3;1315;605_chunk0;1398_chunk2;719_chunk1,0.2888;0.4438;0.4470;0.4522;0.4799,0.4223162651062012,True,1,4.0,0.47985410690307617,1,1,"Coal trades decreased significantly, with the total monthly deal count for November being only about 23% of the total in October.","Sally, regarding your question about the trend for coal trades on EnronOnline in November 2000, the data shows that they decreased significantly compared to the levels seen in October. 

Specifically, the total monthly EOL deal count for November stood at only about 21% to 23% of the total recorded in October. Additionally, the total monthly EOL volume for November was only about 33% of the total volume from October.",ambos_aciertan
135,Why did I decide to cancel my recruiting trip to Oklahoma in October 2001?,largo,1617,825;500_chunk0;836;490;774_chunk0,0.5058;0.5229;0.5474;0.5497;0.5635,0.5378387570381165,False,0,47.0,0.6679162383079529,0,0,"I decided to stay to attend the all-employee meeting at the Hyatt, as I believe it is important for senior leadership to have a visible presence given the negative publicity and market reaction.","Based on the emails provided, there is no record of you canceling a recruiting trip to Oklahoma in October 2001. 

In fact, the correspondence shows that you were actively involved in recruiting at OU during October 2000, and in January 2001, you were focused on the Orange Bowl and following up on job offers for students. There is no information in these documents regarding a canceled trip in October 2001.",ambos_fallan
136,What is the status of my potential involvement with Netco as of January 2002?,largo,2114,2114_chunk3;2205;2034_chunk0;1979;2221_chunk5,0.2991;0.3089;0.3149;0.3409;0.3571,0.32419822216033933,True,1,0.0,0.29913246631622314,0,0,"Despite my initial disinterest, I am still receiving calls about taking the Netco operations role and there are parties interested in discussing a real role once the purchaser is known.","As of January 2002, your involvement with Netco is focused on finalizing preparations and infrastructure as the project moves forward. Here is the status based on your recent correspondence:

*   **Strategic Direction:** You have been actively working on major contracts and setting up infrastructure. Your instincts regarding Netco versus Newco have been validated by Delainey, who confirmed you are doing the right things.
*   **Operational Tasks:** You are overseeing the finalization of work related to the transition into Netco. This includes managing restart and integration plans, which required detailed timelines and responsibilities.
*   **Personnel and Reporting:** You have been managing employee listings for Netco. As of January 21, you were also tasked with verifying a list of personnel changes (specifically regarding job offers that were turned down and replaced) to provide a report for John Lavorato.
*   **Business Development:** You have received encouragement to proceed to the next level regarding potential consulting services. It has been suggested that you involve corporate development once you bring in a consulting firm, with the possibility that the reorganized Enron could provide services to Netco. 

In short, you are deeply involved in the operational setup, personnel tracking, and strategic planning for Netco as the deadlines for these transitions approach.",ambos_fallan
137,What are the terms of the settlement Enron reached with Dynegy regarding the Northern Natural Gas pipeline?,largo,2044,2044_chunk0;2044_chunk1;1945_chunk9;1913_chunk82;1945_chunk48,0.2407;0.2733;0.3513;0.3683;0.4205,0.33080397844314574,True,2,0.0,0.24068498611450195,1,1,"The settlement allows Dynegy to exercise its option to acquire the pipeline and assume interim control, while Enron dismisses its Texas lawsuit and pursues a $10 billion damage claim.","Sally, regarding the settlement reached with Dynegy concerning the Northern Natural Gas pipeline, here are the key terms:

*   **Acquisition:** The settlement allows Dynegy to exercise its option to acquire the pipeline and assume interim control of it.
*   **Lawsuit:** The agreement dismisses the Texas lawsuit filed against Dynegy.
*   **Repurchase Rights:** Enron’s right to repurchase the pipeline has been extended until June 30.
*   **Ongoing Claims:** While allowing the transfer of the pipeline, Enron will continue to pursue its $10 billion damage claim against Dynegy.

The company decided to move forward with this settlement to resolve the issue quickly, avoid the substantial costs and distractions of protracted litigation in state courts, and focus on rebuilding core businesses using the remaining 9,000 miles of interstate pipelines.",ambos_aciertan
138,What are the current top priorities I am juggling for Enron Americas in April 2001?,largo,1232,1853;835;1479_chunk0;1135_chunk3;902,0.3439;0.3523;0.3614;0.3725;0.3800,0.36200072765350344,False,0,46.0,0.4135782718658447,0,0,"My priorities include managing day-to-day business, absorbing pieces of EES, the sale of Houston Pipeline to AEP, and the commercialization of mid and back office services.","Based on the emails provided, there is no specific information regarding your priorities for April 2001.

The available correspondence covers other periods:
*   In **January 2001**, your focus was on an information session for the Operations Management teams regarding the assessment, management, and mitigation of operational risk, as well as acknowledging the value of your team's role within Enron.
*   In **June 2001**, you received advice from Greg Piper regarding the evaluation of mid/back-office systems, transaction counts, and long-term planning for infrastructure and staffing.
*   In **November 2001**, you were informed that business units were identifying optimal structures and resources, with no significant organizational announcements expected during the week of Thanksgiving.

Since none of the retrieved documents mention April 2001, I cannot identify the specific priorities you were juggling during that month.",ambos_fallan
139,Why is the IT Solution Center no longer providing 24-hour support as of January 2002?,largo,2112,2112_chunk0;1931_chunk4;1424_chunk4;2112_chunk1;1694_chunk0,0.4030;0.4540;0.4748;0.5057;0.5097,0.4694271206855774,True,2,0.0,0.4029642343521118,1,0,"The 7x24 support team was let go during a staff reduction in the first week of December, and the remaining help desk staff is not required to be on call.","Sally, the IT Solution Center is no longer providing 24-hour support because, as part of the staff reductions that took place in the first week of December, the 7x24 team was let go. That team consisted of approximately 50 people across the organization, and the decision to discontinue 24-hour support was one of the assumptions made during that reduction.",discrepancia
140,What is the purpose of the meeting requested by Fred Kelly and Lloyd Will regarding my organization?,largo,1630,720;515;2201;1026;403,0.4531;0.4737;0.4788;0.4790;0.4996,0.4768502950668335,False,0,,,0,0,They want to introduce themselves and obtain a high-level organizational chart of my group to better understand my team.,"Based on the emails provided, there is no information regarding a meeting requested by Fred Kelly and Lloyd Will, nor is there any mention of them in relation to your organization.",ambos_fallan
141,Why did I inform Lexi that I could not attend the recruiting strategy event on Wednesday night?,largo,374,403;452_chunk0;1118;552;1150_chunk0,0.4103;0.4410;0.4697;0.4843;0.4941,0.45985434055328367,False,0,,,0,0,"I was not on the original list for the event, and I had childcare conflicts because my husband had a commitment away from home.",You informed Lexi that you could not attend the meeting because you had a conflict: you were scheduled to have a business review meeting with Jeff Skilling regarding global risk management operations at 10:00 on September 7th.,ambos_fallan
142,Who is the top Energy Management student from the University of Oklahoma that I recommended for a rotation in the Analyst Program?,largo,955,956_chunk0;955_chunk0;956_chunk3;160;955_chunk3,0.3492;0.3497;0.3976;0.4071;0.4091,0.38255010843276976,True,2,1.0,0.34971702098846436,1,0,"Jody Crook, who previously worked as a risk book administrator in gas trading and as a landman for Burlington Resources.",The top Energy Management student from the University of Oklahoma that you recommended for a rotation in the Analyst Program is Jody Crook. You noted that he was your first hire from the university and that you think very highly of him.,discrepancia
143,What change was made to the Enron Reward Bucks program following my last staff meeting?,largo,1564,1902_chunk1;1564_chunk0;2027;847;909_chunk1,0.3526;0.3724;0.3797;0.4217;0.4251,0.39031041860580445,True,1,1.0,0.3724486231803894,1,1,The program was modified to include the recognition of Managers.,"Following your last staff meeting, the Enron Reward Bucks program was modified to include the recognition of managers.",ambos_aciertan
144,What are the four components of the Mid/Back Office presentation for the offsite meeting?,largo,1406,1279;1308;1406_chunk0;1778_chunk0;519_chunk1,0.4230;0.4369;0.4543;0.4786;0.4923,0.457017195224762,True,1,2.0,0.4543188810348511,1,1,"Global Risk Management Operations, IT Systems, CommodityLogic Modules, and the Commercialization Effort.","The four components of the mid/back office presentation for the offsite meeting are:

1. **Global risk management operations:** An overview of services (for which you are providing the slides).
2. **IT systems:** An overview and organization (with slides provided by Perlman).
3. **CommodityLogic modules:** (with slides provided by Gros).
4. **Commercialization effort:** (a section you are working on along with the others).",ambos_aciertan
145,What is the primary concern regarding the service provided to the Calgary office?,largo,313,313_chunk0;313_chunk2;198;978_chunk0;1479_chunk4,0.4082;0.4150;0.4759;0.4873;0.4879,0.4548426032066345,True,2,0.0,0.4082123041152954,1,1,"We have a high error rate and poor internal PR with Calgary, and we need to improve our service delivery and address their perception of our operations.","The primary concern regarding the service provided to the Calgary office is that your team is experiencing a high error rate, which has led the Calgary office to perceive your operation as providing poor to average service. 

Because they do not fully appreciate the vast number of transactions your group handles, every mistake is viewed as a significant issue. This has created a serious internal PR problem, and you have expressed the need to address not just specific confirmation issues, but all dealings with Calgary to improve their perception and ensure you can sustain excellent service.",ambos_aciertan
146,What information did Hector McLoughlin request from me and other managers regarding employees in the estate?,largo,2179,1957;2091;313_chunk1;2179_chunk1;455,0.4752;0.4818;0.4984;0.5213;0.5233,0.5000067234039307,True,1,3.0,0.5212885141372681,0,0,He requested that we designate which specific business unit each employee supports for a meeting with Dave Delaney and Jim Fallon.,Hector McLoughlin requested that you and the other managers review the list of retained employees in the provided spreadsheet to verify that your names are included and to designate which company each employee supports. He asked that you return this information by 11:00 AM the following day.,ambos_fallan
147,Which universities has my daughter Meagan applied to for her senior year of college?,largo,1884,1974_chunk2;1884_chunk2;1628_chunk4;388;322_chunk0,0.3880;0.5140;0.5209;0.5692;0.5849,0.5154074430465698,True,1,1.0,0.5139540433883667,1,1,"She has applied to the University of Oklahoma, UT, SMU, and TCU.","Meagan has applied to the following four universities for her senior year: UT (University of Texas at Austin), OU (University of Oklahoma), SMU, and TCU.",ambos_aciertan
148,What action have I taken to address the issues identified with the SAP system?,largo,448,448;782_chunk1;1694_chunk0;579_chunk0;1576,0.1922;0.3090;0.3499;0.3581;0.3679,0.3154173731803894,True,1,0.0,0.19216132164001465,1,1,I have asked Leslie Reeves and Bryce to provide more detail on specific examples so we can determine if the issues are human or system-related and identify necessary fixes.,"Based on the emails provided, here is a summary of the actions you have taken regarding the SAP system issues:

*   **Identification and Resolution Efforts:** You initiated a concerted effort with the SAP team to identify and resolve system issues. This involved meetings between the SAP team and your direct reports. Because you ran out of time to cover all issues in those meetings, you have requested that Leslie Reeves and Bryce provide you with more detailed information to determine whether specific problems are attributable to human error or system flaws.
*   **Monitoring and Communication:** You have been actively gathering information to compile a list of ""hits"" for SAP fixes or enhancements, which you intend to share once you have more details.
*   **Delegation and Oversight:** You have been working with your team to address gaps and have been in communication with others (such as KK) regarding support issues, including the need for user training, reporting improvements, and security processes. You have ensured that these items were passed on to the appropriate Solution Managers for specific resolution. 

Additionally, you have been receiving updates from the Integrated Solutions Center (ISC) regarding their progress in addressing technical infrastructure, internal process improvements, and user education to resolve system response time issues.",ambos_aciertan
149,What is the launch date of EnronOnline Version 1.0?,largo,1873,1963;1239;1085;1895;1092,0.3354;0.3814;0.3862;0.3882;0.3907,0.3764044284820557,False,0,39.0,0.440518319606781,0,0,"November 29, 1999.","I am sorry, Sally, but the provided emails do not contain information regarding the launch date of EnronOnline Version 1.0.",ambos_fallan
150,"What are the specific dates in September 2000 that I am unavailable for meetings due to travel, training, and other commitments?",multi_mensaje,424,1511;1702;1033;1287;1977_chunk0,0.4553;0.4582;0.4656;0.4675;0.4761,0.4645244240760803,False,0,,,0,0,"I am out of the office from Tuesday, September 12 through Friday, September 15. Additionally, I am at a Communications training session on Monday, September 18, and in a V@R class on Thursday and Friday, September 21 and 22.","Based on the emails provided, there is no information regarding your availability or specific commitments for September 2000. The correspondence covers dates in March, May, October, and December of 2001, but does not mention September 2000.",ambos_fallan
151,Who are the subject matter experts I should consult regarding the process of updating the GCP database?,multi_mensaje,746,746_chunk0;746_chunk3;746_chunk2;1806;749,0.2013;0.4370;0.4711;0.5122;0.5382,0.4319716453552246,True,3,0.0,0.2013269066810608,1,1,Mary Solmonson and James Scribner are the logical experts to discuss the GCP update process.,"Based on the emails, the subject matter experts you should consult regarding the process of updating the GCP database are Mary Solmonson and James Scribner. 

James has recently assumed Mary's duties within global databases, and they are the logical experts to discuss how the current manual process works, as there are no systematic feeds from Entelligence into GCP. You should ensure you are working directly with them to be appropriately informed.",ambos_aciertan
152,When is the second session of the Center for Houston's Future Leadership Forum that I am scheduled to attend?,multi_mensaje,1535,2152_chunk0;1535;44;480_chunk0;544,0.3068;0.3338;0.3610;0.3661;0.3797,0.34946954250335693,True,1,1.0,0.33377349376678467,1,1,"The second session is scheduled for November 1-3, 2001.",The second session of the Center for Houston's Future Leadership Forum is scheduled for November 1-3.,ambos_aciertan
153,"What is the subject of the deal I requested information about from Dan Leff on November 5, 2001?",multi_mensaje,1748,1811;1748;1969;1053;1258,0.4628;0.4655;0.5321;0.5382;0.5635,0.5124287843704224,True,1,1.0,0.46553486585617065,1,1,The deal is the Rexam deal.,"The subject of the deal you requested information about from Dan Leff on November 5, 2001, is the ""Rexam deal.""",ambos_aciertan
154,"Which evenings are available for me to have dinner with you, Frank, and Mo during my trip to the London office the week of March 20, 2000?",multi_mensaje,123,123;866;526;932;918,0.3984;0.4066;0.4294;0.4510;0.4550,0.42807540893554685,True,1,0.0,0.3984203338623047,1,1,"Monday, March 20th, or Wednesday, March 22nd, are available for dinner.","For your trip to the London office the week of March 20, 2000, your available evenings for dinner with Frank and Mo are Monday or Wednesday. 

Although you initially considered Monday, Wednesday, and Thursday, your schedule changed after you booked dinner with Richard Sage for Thursday evening. Since your Tuesday night was already committed to Fernley, only Monday and Wednesday remain as options.",ambos_aciertan
155,What specific change did I manage to negotiate with the assistant principal at Klein school regarding Meagan's class schedule?,multi_mensaje,350,452_chunk3;350_chunk1;1884_chunk2;2222;1554_chunk0,0.3983;0.4788;0.5722;0.5775;0.5803,0.5214293599128723,True,1,1.0,0.47884899377822876,1,1,I persuaded the assistant principal to ignore the July 22 deadline and allow Meagan to drop Physics and add a study hall.,"You managed to persuade the assistant principal at Klein High School to ignore the July 22 deadline for changing schedules. Specifically, you negotiated for Meagan to drop physics and add a study hall to her schedule.",ambos_aciertan
156,"What is the purpose of the two-day event scheduled for February 12th and 13th in Dallas, Texas, and who is facilitating it?",multi_mensaje,934,148_chunk1;480_chunk2;934_chunk0;44;1511,0.4896;0.4938;0.4971;0.5027;0.5035,0.4973535180091858,True,1,2.0,0.49712294340133667,1,1,The event is an integrated design session facilitated by Cap Gemini Ernst & Young (CGEY) to complete a plan for launching a strategic commercial venture regarding mid and back office services.,The purpose of the two-day event in Dallas is to complete a plan for launching a strategic commercial venture regarding mid and back office services for the commodity industry. The session is being facilitated by Cap Gemini Ernst & Young (CGEY) at their Accelerated Solutions Environment.,ambos_aciertan
157,What is the final confirmed date and time for the Talent Review Meeting mentioned by Tina Spiller?,multi_mensaje,1852,1852;270;1023;402;176,0.4525;0.4535;0.4635;0.4663;0.4746,0.4620931148529053,True,1,0.0,0.4524606466293335,1,1,The meeting is scheduled for November 20.,"The final confirmed date for the Talent Review Meeting is November 20. Although the initial invitation mentioned November 19 from 8:00 to 11:00 a.m., Tina Spiller sent a follow-up note clarifying the change to November 20.",ambos_aciertan
158,Why is the Solution Center no longer available to provide after-hours support for the Logistics team?,multi_mensaje,2112,2112_chunk0;2112_chunk1;1931_chunk4;1714_chunk1;1714_chunk3,0.2617;0.4733;0.4852;0.4893;0.5146,0.44482927322387694,True,2,0.0,0.2617497444152832,1,0,"The 7x24 team was let go during staff reductions in the first week of December, and the remaining help desk staff are not required to be on call.","The Solution Center is no longer available to provide after-hours support because, when staff was reduced during the first week of December, one of the assumptions made was that 24-hour support would no longer be provided. Consequently, the 7x24 team, which consisted of about 50 people across the organization, was let go.",discrepancia
159,What specific issue am I experiencing when trying to print the headcount plan file sent by Brian Heinrich?,multi_mensaje,1293,1293;1299;1775;1874;1646,0.3294;0.4127;0.5045;0.5080;0.5153,0.4539736986160278,True,1,0.0,0.32944661378860474,1,1,"I am only able to print one page, which does not include all of the information contained in the file.","The issue you are experiencing is that you are unable to print the entire document; you have reported that you tried printing it 100 times, but only one page prints, which does not include all of the necessary information.",ambos_aciertan
160,Who was the individual recognized as a superstar for her efforts in securing gifts for the Office of the Chairman Holiday Assistant's Party?,multi_mensaje,791,791;1;863;80;1615,0.3517;0.5517;0.5555;0.5718;0.5777,0.5217013239860535,True,1,0.0,0.3517305850982666,1,1,Heather Choate.,The individual recognized as a superstar for her efforts in securing gifts for the Office of the Chairman Holiday Assistant's Party was Heather Choate.,ambos_aciertan
161,"What specific time did I propose for a meeting on Friday, February 7th?",multi_mensaje,74,360;1511;2222;2170;239,0.3773;0.3854;0.3928;0.4001;0.4046,0.39206520318984983,False,0,,,0,0,I proposed meeting at 2:00 pm.,"Based on the emails provided, there is no mention of a meeting on Friday, February 7th, nor did you propose a specific time for one on that date.",ambos_fallan
162,Did Fernley Dyson confirm that Mike is included on the list of key employees for London operations regarding retention?,multi_mensaje,1876,1876;615;980_chunk2;877;139,0.3884;0.4831;0.4952;0.5160;0.5206,0.4806556820869446,True,1,0.0,0.3883511424064636,1,1,"Yes, Fernley Dyson confirmed that they have provided a list of key employees and Mike is on that list.","Yes, Sally, Fernley Dyson confirmed that they have provided a list of key employees for London operations and that Mike is included on that list.",ambos_aciertan
163,What is the primary focus of the role mapping exercise between ENW and the EES Services Group that Dan Leff is leading?,multi_mensaje,1699,1699_chunk0;2179_chunk0;1879;21_chunk3;1448,0.3130;0.4812;0.4866;0.4891;0.4937,0.45273460149765016,True,1,0.0,0.3130144476890564,0,0,The primary focus is on the areas of the business managed by Beth and Evan.,"The primary focus of the role mapping exercise between ENW and the EES Services Group, which Dan is leading, is to be crisp and clear on your work product and to gain a clear view toward increasing efficiencies, particularly in the back and mid-office. 

Regarding the scope of this exercise, you have noted that it will include roles related to IT development projects, and you have questioned whether Dave also intends to include the definition of infrastructure roles.",ambos_fallan
164,"What is the scheduled date, time, and location for my presentation at the Global Operations Controller Forum?",multi_mensaje,516,517_chunk0;518_chunk0;1569_chunk0;520_chunk0;516_chunk0,0.3907;0.4310;0.4439;0.4453;0.4534,0.43285133838653567,True,1,4.0,0.4533834457397461,0,0,"The presentation is scheduled for Tuesday, October 24, 2000, at noon at The Warwick Hotel, Versailles Room, 12th Floor, 5701 Main Street, Houston, TX.","Based on the emails, there appears to be a slight discrepancy in the scheduled time depending on the specific correspondence, but here are the details for your presentation at the Global Operations Controller Forum:

*   **Date:** Monday, October 23, 2000
*   **Location:** The Warwick Hotel, The Versailles Room (12th floor), 5701 Main Street, Houston, TX 77005
*   **Time:** You have two different times noted in your sent emails: one indicates **3:30 PM** and another indicates **4:00 PM**.",ambos_fallan
165,"Why was the presentation draft not circulated on Friday, April 6, 2001, and what was the revised plan for reviewing it with Andy Zipper, Ed Baughman, and Frank Vickers?",multi_mensaje,1206,515;1756;1206_chunk0;801;1213,0.4490;0.4660;0.4730;0.4957;0.4959,0.4759389877319336,True,1,2.0,0.4730316996574402,1,1,"I chose not to circulate it because I didn't think originators would read it over the weekend. The plan was to review the final draft with Andy Zipper on Monday, April 9, conduct test runs with Ed Baughman and Frank Vickers on Tuesday, and then circulate it to John Lavorato and the recipient.","You chose not to circulate the draft on Friday, April 6, 2001, because you did not believe that any of the originators would read it over the weekend.

Regarding the revised plan, you had hoped to have a final draft ready by Monday, April 9. The plan was to review that draft with Andy Zipper for his input, followed by two ""test runs"" with Ed Baughman and Frank Vickers on Tuesday. After incorporating any suggested changes from those test runs, your plan was to circulate copies to John Lavorato and the relevant recipients on Tuesday. Additionally, you decided to scrap the idea of an offsite meeting and instead set up individual meetings with the lead originators and their teams.",ambos_aciertan
166,"What are the dates I will be out of the office for my daughter's college visits, and who is my designated assistant for contact information?",multi_mensaje,322,322_chunk0;1017;1048_chunk0;1033;374,0.4390;0.4681;0.4768;0.4813;0.4897,0.4709615707397461,True,1,0.0,0.4390004277229309,1,1,"I will be out of the office from Wednesday, July 26 through Friday, July 28, 2000, and my assistant, Patti Thompson, will have my contact information.","Based on your emails, here are the details regarding your college visits and your assistant:

**Dates for college visits:**
*   **July 26–28, 2000:** You were out of the office to take your older daughter for a preliminary look at colleges.
*   **March 12–16, 2001:** You scheduled this week off for Spring Break to take your daughter to look at colleges. (Note: In an email from March 9, 2001, you also mentioned being out of town Monday through Wednesday of that week for this purpose).

**Designated assistant:**
Your assistant is **Patti Thompson**. You have noted that she holds your contact numbers for when you are out of the office (her extensions are listed as x35926 and x39106 in your records).",ambos_aciertan
167,"When is the Energy Operations PRC meeting scheduled to take place in Houston, and what is the expected distribution of bonuses for the staff being reviewed?",multi_mensaje,640,640_chunk0;639_chunk0;253_chunk1;441;1270,0.2000;0.3531;0.3878;0.4071;0.4101,0.3515931129455566,True,1,0.0,0.19996285438537598,1,1,"The meeting is scheduled for Friday, December 8th, and the preferred distribution suggests that 15% of the population will not receive a bonus.","The Energy Operations PRC meeting is scheduled for Friday, December 8th, in Houston.

Regarding the distribution of bonuses, you have instructed that the results from the pre-review meetings should mirror the ""preferred distribution,"" which suggests that 15% of the population will not receive a bonus and should therefore be placed in the bottom two categories.",ambos_aciertan
168,"What are the logistics for the meeting regarding UBS offers for employees, including the pickup location and the time frame for the event?",multi_mensaje,2208,1141_chunk0;2208_chunk0;2217;1411;1502_chunk0,0.4232;0.4599;0.4668;0.4762;0.4828,0.46176465749740603,True,1,1.0,0.45987504720687866,1,1,"The meeting is for employees who have accepted or intend to accept offers. Buses will pick up from the south side of the north building between 8:30 am and 9:30 am, and the meeting will last until approximately 1 pm.","Regarding the meeting for employees who have accepted or intend to accept UBS offers, here are the logistics:

*   **Date:** The meeting is scheduled for tomorrow (January 23, 2002).
*   **Pickup Location:** Buses will pick up from the south side of the north building. You should assemble in the Java plaza area.
*   **Time Frame:** You should assemble between 8:30 am and 9:30 am (the last bus leaves at 9:30 am). The meeting itself will last until approximately 1:00 pm.
*   **Additional Details:** Breakfast will be available at the hotel from 9:00 am to 10:00 am, and sandwiches will be provided after the meeting. Senior managers from UBS will be presenting on the firm and its strategy.",ambos_aciertan
169,"What is my concern regarding the travel policy for Philippe, Beth Perlman, and Greg Piper regarding their upcoming trip to London?",multi_mensaje,1301,1301;939;353_chunk1;856_chunk0;122_chunk0,0.2235;0.5428;0.5519;0.5572;0.5606,0.48720834255218504,True,1,0.0,0.2234756350517273,1,1,"I find it hard to believe that Philippe, Beth Perlman, or Greg Piper would be expected to fly coach to London.","Your concern is that you find it hard to believe that Philippe, Beth Perlman, or Greg Piper would fly coach to London. You mentioned that you would be getting clarification about the international travel policy following your 3:00 meeting with Philippe and Greg on May 7, 2001.",ambos_aciertan
170,"What is the date, time, and location for my scheduled address to the group at the Global Operations Controller Forum?",multi_mensaje,517,517_chunk0;516_chunk0;1287;518_chunk0;1569_chunk0,0.3910;0.4228;0.4565;0.4684;0.4765,0.4430227160453796,True,1,0.0,0.3909841775894165,0,0,"The address is scheduled for Monday, October 23, 2000, at 8:00 am at The Warwick Hotel, Versailles Room, 12th Floor, 5701 Main Street, Houston, TX.","You are scheduled to address the group at the Global Operations Controller Forum on Monday, October 23, 2000, at 3:30 PM. The event will take place at The Warwick Hotel, in the Versailles Room (12th floor), located at 5701 Main Street, Houston, TX 77005.",ambos_fallan
171,What did Scott Earnest announce regarding the management of the LNG book of business following his meeting with Jeff Shankman and Vince Kaminski?,multi_mensaje,244,244_chunk0;244_chunk1;983_chunk7;292;237,0.2501;0.3844;0.5371;0.5473;0.5488,0.4535361289978027,True,2,0.0,0.250066339969635,1,1,Scott announced that Jeff Shankman received the nod from Mark Frevert to manage the LNG book of business.,"Scott Earnest announced that Jeff Shankman received approval from Mark Frevert to manage the LNG book of business. You noted that this is likely in addition to his responsibilities with gas, though you were not certain of that at the time.",ambos_aciertan
172,"Who was the most recent addition to the list of ENW employees located in Enron Center South as of January 9, 2002?",multi_mensaje,2082,2082;899;2179_chunk0;1762;1470,0.2496;0.2769;0.2805;0.2897;0.3082,0.28099627494812013,True,1,0.0,0.24964845180511475,1,1,Shiela Castro in Gas Settlements.,"The most recent addition to the list of ENW employees located in Enron Center South, as of January 9, 2002, was Shiela Castro in Gas Settlements.",ambos_aciertan
173,What is my specific commitment to Rick Causey regarding the global exception report for fundamental operating standards?,multi_mensaje,2023,457_chunk3;568_chunk0;457_chunk1;568_chunk1;777,0.3187;0.3280;0.4062;0.4099;0.4698,0.3865328669548035,False,0,,,1,1,My commitment is to have that global report in production by the end of the year.,Your specific commitment to Rick Causey is to have the global exception report for fundamental operating standards in production by the end of the year.,ambos_aciertan
174,"Based on the data through October 22, 2001, what impact have recent media reports had on EnronOnline derivatives trading deal counts?",multi_mensaje,1625,1625;1398_chunk2;1782;665_chunk3;1878_chunk0,0.2092;0.3429;0.3588;0.3766;0.3840,0.33428345918655394,True,1,0.0,0.20919668674468994,1,1,There has been no drop off in deal counts executed through EnronOnline.,"Based on the data through October 22, 2001, the recent media reports have had no impact on the deal counts executed through EnronOnline for derivatives trading. You noted that you have not seen a drop-off in these transactions.",ambos_aciertan
175,"Who are the designated key operations contacts in the Houston office while I am working from the London office during the week of March 20, 2000?",multi_mensaje,125,125_chunk1;874;982;322_chunk1;852,0.1921;0.2800;0.3044;0.3162;0.3652,0.29157817363739014,True,1,0.0,0.19210439920425415,1,1,"Brenda Herod (Business Controller, Gas) and Kristin Albrecht (Business Controller, Power).","For the week of March 20, the designated key operations contacts in the Houston office while you are working from London are:

*   **Brenda Herod** (Business Controller, Gas): x35778
*   **Kristin Albrecht** (Business Controller, Power): x34763

Please note that Kristin Albrecht will also be attending the staff meeting on Monday, March 20th, at 9:30 in your absence.",ambos_aciertan
176,What is the purpose of the 15-minute weekly team meetings that Patti is organizing for the Operations core resource team?,multi_mensaje,1172,1502_chunk1;1172;1300;1177;1016_chunk1,0.4595;0.4832;0.4850;0.4868;0.5013,0.48313734531402586,True,1,1.0,0.4831799268722534,1,1,The purpose of the meetings is to quickly prioritize tasks for the week regarding the commercialization of our services and to keep the team informed and in alignment.,"The purpose of the 15-minute weekly meetings that Patti is organizing is to quickly prioritize tasks for the week regarding the commercialization of your services. These meetings are intended to keep the core resource team informed and in alignment, helping to build momentum for this effort while managing the day-to-day business.",ambos_aciertan
177,"What is the status of the SAP system outage originally scheduled for the weekend of November 30, 2001?",multi_mensaje,1931,1931_chunk0;1848;1931_chunk4;1909_chunk3;1424_chunk4,0.2380;0.3023;0.3336;0.4193;0.4197,0.342589271068573,True,2,0.0,0.23804253339767456,1,1,"The outage was rescheduled after consultation with HR, and the tentative future date for the outage is mid-January.","Sally, regarding the SAP system outage that was originally scheduled for this coming weekend, Allan Sommer has confirmed that it has been rescheduled. 

After consultation with HR, the outage has been moved to mid-January. You should receive a revised notification regarding this cancellation tomorrow. Additionally, please note that there are no further outages planned for the remainder of the year.",ambos_aciertan
178,When is the meeting scheduled with Mark Frevert to discuss the potential formalization of a global risk management operations role?,multi_mensaje,353,1422;353_chunk0;1487;1455;1466,0.3242;0.3289;0.3391;0.3404;0.3554,0.33761048316955566,True,1,1.0,0.32891321182250977,0,0,"The meeting is scheduled for Thursday, August 17, at 11:45 in Rick Causey's office.","The meeting with Mark Frevert, Rick Buy, you, and me to discuss the potential formalization of a global risk management operations role is scheduled for August 28.",ambos_fallan
179,"What document did I share with Elizabeth and Jim on December 20, 2001, following our meeting in Jim's office?",multi_mensaje,1980,1206_chunk1;1980;2216;1756;2040_chunk0,0.4808;0.4875;0.4934;0.5069;0.5154,0.4968051195144653,True,1,1.0,0.4874897003173828,1,1,I shared a draft of the process that we had discussed during our meeting on Monday.,"On December 20, 2001, you shared a ""Draft"" of the process that you had mentioned during your meeting in Jim's office that previous Monday.",ambos_aciertan
